itemcode,etfTabCode,itemname,nowVal,risefall,changeVal,changeRate,nav,threeMonthEarnRate,quant,amonut,marketSum
069500,1,KODEX 200,34980,5,-225,-0.64,35044.0,8.1433,570258,19934,61897
357870,6,TIGER CD금리투자KIS(합성),52765,2,5,0.01,52764.0,0.9084,54963,2900,51735
423160,6,KODEX KOFR금리액티브(합성),103780,2,5,0.0,103767.0,0.9189,43208,4484,35411
273130,6,KODEX 종합채권(AA-이상)액티브,104720,5,-385,-0.37,104862.0,-0.4971,631,66,28623
371460,4,TIGER 차이나전기차SOLACTIVE,10095,2,65,0.65,10134.0,-9.4357,562877,5669,27580
102110,1,TIGER 200,35030,5,-220,-0.62,35085.0,8.1487,125021,4377,24661
133690,4,TIGER 미국나스닥100,90250,5,-50,-0.06,90462.0,15.0846,38717,3489,24404
278530,1,KODEX 200TR,11950,5,-75,-0.62,11966.0,8.1384,7970,95,20130
360750,4,TIGER 미국S&P500,14715,5,-10,-0.07,14748.0,6.8732,242048,3559,19622
122630,3,KODEX 레버리지,17860,5,-225,-1.24,17982.0,15.3012,5002189,89244,19494
448320,7,KODEX 23-12 은행채(AA+이상)액티브,10360,3,0,0.0,10364.0,0.7292,2644,27,19112
252670,3,KODEX 200선물인버스2X,2395,2,35,1.48,2396.0,-14.1819,46930103,112418,17179
381170,4,TIGER 미국테크TOP10 INDXX,13835,2,15,0.11,13895.0,22.1387,447402,6177,16803
381180,4,TIGER 미국필라델피아반도체나스닥,13195,2,70,0.53,13255.0,24.7979,836479,11017,16415
310970,1,TIGER MSCI Korea TR,15035,5,-95,-0.63,15032.0,7.8403,160,2,13712
214980,6,KODEX 단기채권PLUS,107300,2,5,0.0,107302.0,0.7654,6529,700,13655
305540,2,TIGER 2차전지테마,37070,5,-525,-1.4,37064.0,25.0457,1005285,37461,13141
148020,1,KBSTAR 200,35205,5,-240,-0.68,35261.0,7.7355,17669,621,13114
449170,6,TIGER KOFR금리액티브(합성),102350,2,5,0.0,102336.0,0.902,3025,309,12301
102780,2,KODEX 삼성그룹,9555,5,-5,-0.05,9568.0,5.6937,33334,318,11867
305720,2,KODEX 2차전지산업,33010,5,-480,-1.43,33013.0,18.3392,1201560,39918,11653
251340,3,KODEX 코스닥150선물인버스,3440,2,50,1.47,3439.0,-17.4178,41248766,141236,11407
292150,2,TIGER TOP10,11885,5,-160,-1.33,11891.0,11.4555,26168,311,11356
385540,6,KBSTAR 종합채권(A-이상)액티브,97145,5,-205,-0.21,97119.0,-0.6329,1,0,10745
157450,6,TIGER 단기통안채,104075,2,10,0.01,104083.0,0.7747,643257,66953,9716
139260,2,TIGER 200 IT,32865,5,-95,-0.29,32895.0,9.7021,18413,605,8749
153130,6,KODEX 단기채권,106620,5,-5,0.0,106622.0,0.7274,13899,1481,8053
233740,3,KODEX 코스닥150레버리지,14315,5,-355,-2.42,14448.0,37.5527,8047242,116237,7716
455890,6,KBSTAR 머니마켓액티브,50475,5,-5,-0.01,50477.0,,1632,82,7340
114800,3,KODEX 인버스,4390,2,30,0.69,4394.0,-6.8377,7408341,32548,7279
091180,2,KODEX 자동차,18745,5,-425,-2.22,18747.0,5.0986,140957,2653,7086
371160,4,TIGER 차이나항셍테크,6420,5,-20,-0.31,6447.0,11.4186,187703,1202,6616
152100,1,ARIRANG 200,35555,5,-225,-0.63,35616.0,8.015,472,16,6595
272580,6,TIGER 단기채권액티브,52310,5,-5,-0.01,52316.0,0.8093,124679,6522,6517
315930,2,KODEX Top5PlusTR,19045,5,-205,-1.06,19051.0,17.9895,9301,177,6418
148070,6,KOSEF 국고채10년,109200,5,-630,-0.57,109336.0,-1.9288,5466,597,6410
278540,1,KODEX MSCI Korea TR,11970,5,-65,-0.54,11979.0,7.9372,46035,551,6344
294400,1,KOSEF 200TR,43455,5,-240,-0.55,43546.0,7.9955,5236,227,6084
448590,6,KBSTAR 23-11 회사채(AA-이상)액티브,51715,2,10,0.02,51714.0,0.8956,9622,497,6073
447820,6,TIGER 24-10 회사채(A+이상)액티브,52980,5,-25,-0.05,52951.0,0.6647,8552,453,5916
293180,1,HANARO 200,35060,5,-220,-0.62,35128.0,8.0551,317,11,5908
360200,4,ACE 미국S&P500,14870,5,-5,-0.03,14902.0,6.8759,60900,904,5859
379800,4,KODEX 미국S&P500TR,13245,5,-5,-0.04,13277.0,6.8979,39628,524,5828
459580,6,KODEX CD금리액티브(합성),1006615,2,100,0.01,1006612.0,,341921,344181,5709
395170,2,KODEX Fn Top10동일가중,8615,5,-90,-1.03,8618.0,10.6099,867,7,5651
229200,1,KODEX 코스닥150,15205,5,-210,-1.36,15283.0,18.8053,1542238,23568,5641
462010,2,TIGER 2차전지소재Fn,12135,5,-205,-1.66,12142.0,,5400704,66064,5625
356540,6,ACE 종합채권(AA-이상)KIS액티브,95690,5,-255,-0.27,95678.0,-0.4152,277,26,5400
069660,1,KOSEF 200,35070,5,-185,-0.52,35132.0,8.0613,6036,211,5383
196230,6,KBSTAR 단기통안채,108520,2,10,0.01,108522.0,0.8129,1566107,169957,5246
251350,4,KODEX 선진국MSCI World,22510,5,-55,-0.24,22605.0,4.424,11399,256,5166
091160,2,KODEX 반도체,34985,5,-465,-1.31,35046.0,28.8622,276632,9714,5020
396500,2,TIGER Fn반도체TOP10,9710,5,-160,-1.62,9706.0,26.7822,640683,6229,4996
379810,4,KODEX 미국나스닥100TR,13405,5,-5,-0.04,13436.0,15.3548,41549,556,4913
314250,4,KODEX 미국FANG플러스(H),29755,5,-115,-0.39,29814.0,31.2678,51557,1530,4874
394670,4,TIGER 글로벌리튬&2차전지SOLACTIVE(합성),9505,5,-70,-0.73,9549.0,6.8042,57008,540,4870
367380,4,ACE 미국나스닥100,15500,5,-5,-0.03,15542.0,15.0905,48266,747,4836
105190,1,ACE 200,35265,5,-195,-0.55,35304.0,7.6339,11816,416,4726
273140,6,KODEX 단기변동금리부채권액티브,107465,2,5,0.0,107459.0,0.8682,814,87,4267
329750,6,TIGER 미국달러단기채권액티브,11270,2,65,0.58,11259.0,-3.3636,37535,423,4097
451600,6,ARIRANG 국고채30년액티브,93100,5,-415,-0.44,93050.0,-4.5132,16,1,3942
364980,2,TIGER KRX2차전지K-뉴딜,21510,5,-320,-1.47,21535.0,17.9681,501303,10841,3915
394660,4,TIGER 글로벌자율주행&전기차SOLACTIVE,11575,2,10,0.09,11655.0,19.5966,25573,295,3616
453540,6,TIGER 25-10 회사채(A+이상)액티브,50525,5,-60,-0.12,50488.0,0.4268,9040,456,3569
436140,6,SOL 종합채권(AA-이상)액티브,101330,5,-140,-0.14,101289.0,-0.5148,4,0,3499
385560,6,KBSTAR KIS국고채30년Enhanced,67020,5,-400,-0.59,67099.0,-5.9169,13805,925,3472
091170,2,KODEX 은행,6270,5,-20,-0.32,6284.0,6.6101,132026,824,3370
439860,6,KODEX ESG종합채권(A-이상)액티브,104020,3,0,0.0,104113.0,0.3424,0,0,3239
453530,6,TIGER 24-04 회사채(A+이상)액티브,50755,5,-25,-0.05,50719.0,0.9141,6072,308,3204
114260,6,KODEX 국고채3년,57655,5,-95,-0.16,57637.0,-0.1988,610,35,3049
226490,1,KODEX 코스피,27035,5,-130,-0.48,27045.0,7.1809,7520,203,3041
143850,4,TIGER 미국S&P500선물(H),52190,5,-225,-0.43,52189.0,9.7466,7490,390,3014
302190,6,TIGER 중장기국채,48460,5,-210,-0.43,48486.0,-1.2679,3029,147,2966
458730,4,TIGER 미국배당다우존스,10360,5,-20,-0.19,10383.0,,50488,522,2932
245710,4,ACE 베트남VN30(합성),19060,5,-145,-0.76,19148.0,11.9825,19708,375,2859
365780,6,ACE 국고채10년,85985,5,-550,-0.64,86055.0,-1.8544,938,80,2850
329200,2,TIGER 리츠부동산인프라,4505,5,-25,-0.55,4497.0,1.3196,80047,360,2840
304660,6,KODEX 미국채울트라30년선물(H),8415,5,-120,-1.41,8411.0,-5.4818,317301,2668,2701
368590,4,KBSTAR 미국나스닥100,15010,5,-5,-0.03,15042.0,15.2517,28839,432,2627
451000,6,ARIRANG 종합채권(AA-이상)액티브,102340,3,0,0.0,102195.0,-0.5056,0,0,2623
367770,2,KBSTAR Fn수소경제테마,9920,5,-15,-0.15,9919.0,-0.1508,12296,121,2619
455860,2,SOL 2차전지소부장Fn,11330,5,-205,-1.78,11349.0,22.3223,611743,6976,2612
455030,6,KODEX 미국달러SOFR금리액티브(합성),10070,2,55,0.55,10090.0,-3.0963,6895,69,2606
446720,4,SOL 미국배당다우존스,9510,5,-5,-0.05,9521.0,1.7755,199964,1899,2596
213610,2,KODEX 삼성그룹밸류,9430,2,20,0.21,9439.0,5.1984,134,1,2537
448310,6,KODEX 23-12 국고채액티브,10275,3,0,0.0,10280.0,0.6859,2185,22,2508
241180,4,TIGER 일본니케이225,18005,5,-155,-0.85,18030.0,6.2298,11235,202,2416
453850,6,ACE 미국30년국채액티브(H),9230,5,-115,-1.23,9199.0,-4.8662,584600,5394,2335
192090,4,TIGER 차이나CSI300,9465,5,-15,-0.16,9506.0,-6.4166,61546,581,2328
091230,2,TIGER 반도체,36305,5,-565,-1.53,36326.0,28.2211,95989,3498,2294
379780,4,KBSTAR 미국S&P500,12860,5,-10,-0.08,12887.0,7.0003,25411,326,2289
290130,2,KBSTAR ESG사회책임투자,10985,5,-40,-0.36,11000.0,6.8831,7729,84,2274
455850,2,SOL 반도체소부장Fn,13215,5,-330,-2.44,13219.0,37.4429,657922,8738,2247
190620,6,ACE 단기통안채,102180,3,0,0.0,102185.0,0.8189,1225883,125268,2217
447780,7,TIGER 23-12 국공채액티브,205620,5,-20,-0.01,205644.0,0.789,56,11,2154
361580,1,KBSTAR 200TR,18800,5,-115,-0.61,18844.0,7.9315,2114,39,2106
143860,2,TIGER 헬스케어,27225,5,-140,-0.51,27282.0,1.5775,41671,1136,2031
388420,2,KBSTAR 비메모리반도체액티브,11220,5,-180,-1.58,11231.0,33.0998,599822,6785,2024
328370,1,ARIRANG 코스피TR,14030,5,-65,-0.46,14068.0,6.659,106,1,2020
295040,1,SOL 200TR,12445,5,-60,-0.48,12448.0,7.6161,87,1,1997
364960,2,TIGER KRX BBIG K-뉴딜,6940,5,-120,-1.7,6954.0,2.0231,72806,506,1988
326240,2,KBSTAR IT플러스,19755,5,-195,-0.98,19763.0,14.3922,10643,210,1983
401470,2,KODEX K-메타버스액티브,8615,2,5,0.06,8640.0,0.9378,29110,249,1973
409820,4,KODEX 미국나스닥100레버리지(합성 H),7620,5,-65,-0.85,7647.0,41.5285,118276,896,1970
200250,4,KOSEF 인도Nifty50(합성),19960,2,35,0.18,20034.0,5.2284,75651,1511,1896
385550,6,KBSTAR 단기종합채권(AA-이상)액티브,104850,2,15,0.01,104854.0,0.7641,612,64,1891
332940,1,HANARO MSCI Korea TR,15015,5,-60,-0.4,15027.0,7.9098,13,0,1877
132030,5,KODEX 골드선물(H),12530,5,-70,-0.56,12536.0,-2.5899,31774,398,1792
448870,6,ACE 23-12 회사채(AA-이상)액티브,104400,2,10,0.01,104401.0,0.8793,6,0,1781
130730,6,KOSEF 단기자금,103430,2,15,0.01,103433.0,0.7599,1091,112,1761
138540,2,TIGER 현대차그룹+펀더멘털,24070,5,-430,-1.76,24065.0,4.3885,8209,198,1757
461950,2,KODEX 2차전지핵심소재10 Fn,13040,5,-205,-1.55,13055.0,,550379,7217,1734
363570,6,KODEX 장기종합채권(AA-이상)액티브KAP,87320,5,-305,-0.35,87312.0,-1.5726,8,0,1726
161510,2,ARIRANG 고배당주,11330,2,5,0.04,11355.0,0.0,41470,468,1723
461460,6,ARIRANG 국고채10년액티브,49780,3,0,0.0,49550.0,,0,0,1713
275980,4,TIGER 글로벌4차산업혁신기술(합성 H),16770,5,-105,-0.62,16880.0,15.1091,11356,190,1694
372330,4,KODEX 차이나항셍테크,6435,5,-20,-0.31,6458.0,11.6782,59575,382,1647
400970,2,TIGER Fn메타버스,8750,5,-60,-0.68,8763.0,5.4458,64161,559,1623
457480,4,ACE 테슬라밸류체인액티브,13105,5,-210,-1.58,13160.0,,360646,4730,1618
412770,4,TIGER 글로벌메타버스액티브,7730,2,35,0.45,7726.0,15.8885,99067,763,1601
228800,2,TIGER 여행레저,3615,2,15,0.42,3613.0,-7.336,119987,432,1586
401170,2,KBSTAR iSelect메타버스,7510,5,-90,-1.18,7516.0,3.6834,5858,44,1547
414780,4,TIGER 차이나과창판STAR50(합성),6950,5,-20,-0.29,7097.0,-17.3191,618,4,1532
451530,6,TIGER 국고채30년스트립액티브,44625,5,-260,-0.58,44651.0,-7.2049,11163,497,1524
329650,7,KODEX TRF3070,11380,5,-30,-0.26,11413.0,0.706,9095,103,1514
168580,4,ACE 중국본토CSI300,25440,5,-120,-0.47,25664.0,-6.3565,973,24,1506
439870,6,KODEX 국고채30년액티브,97065,5,-520,-0.53,96838.0,-3.4625,569,55,1492
219480,4,KODEX 미국S&P500선물(H),21485,5,-110,-0.51,21492.0,10.2629,16934,363,1472
182480,7,TIGER 미국MSCI리츠(합성 H),12360,5,-60,-0.48,12398.0,5.5942,4379,54,1440
458210,7,히어로즈 CD금리액티브(합성),100725,3,0,0.0,100700.0,,0,0,1427
438330,6,TIGER 투자등급회사채액티브,104085,5,-90,-0.09,104107.0,0.3274,6,0,1375
448290,4,TIGER 미국S&P500TR(H),11175,5,-35,-0.31,11192.0,10.2803,16139,179,1363
278240,3,KBSTAR 코스닥150선물레버리지,15205,5,-375,-2.41,15205.0,37.3292,19579,300,1352
451060,1,KTOP K200액티브,10935,5,-70,-0.64,10947.0,7.3135,228,2,1345
448880,6,ACE 24-12 회사채(AA-이상)액티브,106260,3,0,0.0,106280.0,0.7108,271,28,1329
302450,1,KBSTAR 코스피,27405,5,-95,-0.35,27429.0,6.6304,3663,100,1329
244580,2,KODEX 바이오,8105,5,-60,-0.73,8127.0,2.8337,225235,1829,1323
304940,4,KODEX 미국나스닥100선물(H),19105,5,-100,-0.52,19150.0,18.806,20057,382,1318
332930,1,HANARO 200TR,43505,5,-255,-0.58,43574.0,7.6109,16,0,1283
325020,2,KODEX 배당가치,12795,5,-90,-0.7,12819.0,8.6699,528,6,1254
402970,4,ACE 미국배당다우존스,10530,5,-10,-0.09,10541.0,1.6785,269238,2834,1253
152380,6,KODEX 국채선물10년,62845,5,-395,-0.62,62851.0,-2.3396,2718,170,1248
305080,6,TIGER 미국채10년선물,11210,2,15,0.13,11209.0,-6.9023,24782,277,1222
453010,7,ARIRANG KOFR금리,101370,2,10,0.01,101368.0,0.9109,201,20,1214
451540,6,TIGER 종합채권(AA-이상)액티브,49930,5,-145,-0.29,49971.0,-0.6153,105,5,1187
422420,2,KBSTAR 2차전지액티브,15365,5,-215,-1.38,15372.0,23.6998,365366,5652,1177
277630,1,TIGER 코스피,27255,5,-225,-0.82,27292.0,6.8969,663,18,1172
266420,2,KODEX 헬스케어,12000,5,-60,-0.5,12009.0,1.6863,36224,434,1164
270810,1,KBSTAR 코스닥150,15080,5,-155,-1.02,15198.0,18.0092,10231,155,1161
204480,4,TIGER 차이나CSI300레버리지(합성),17685,5,-55,-0.31,18145.0,-17.3924,177278,3124,1153
441680,7,TIGER 미국나스닥100커버드콜(합성),10110,2,30,0.3,10140.0,2.8676,197816,1998,1102
261240,7,KODEX 미국달러선물,11830,2,50,0.42,11843.0,-2.8454,51181,605,1088
252710,3,TIGER 200선물인버스2X,2525,2,35,1.41,2528.0,-13.9897,469974,1189,1083
453810,4,KODEX 인도Nifty50,10830,2,5,0.05,10863.0,5.4759,71015,769,1083
228810,2,TIGER 미디어컨텐츠,7015,5,-10,-0.14,7032.0,-3.1035,11885,83,1056
395290,2,HANARO Fn K-POP&미디어,10320,5,-30,-0.29,10319.0,6.045,21891,225,1047
419890,6,히어로즈 단기채권ESG액티브,103050,3,0,0.0,103068.0,0.7676,0,0,1041
448600,6,KBSTAR 25-11 회사채(AA-이상)액티브,52240,5,-55,-0.11,52262.0,0.2876,883,46,1041
367760,2,KBSTAR Fn5G테크,10570,5,-190,-1.77,10598.0,36.0303,26750,284,1036
453870,4,TIGER 인도니프티50,10640,3,0,0.0,10659.0,5.2319,17635,188,1000
446770,4,ACE 글로벌반도체TOP4 Plus SOLACTIVE,15115,5,-40,-0.26,15120.0,24.6196,24362,368,990
292560,7,TIGER 일본엔선물,8700,2,10,0.12,8697.0,-9.6674,134847,1173,983
232080,1,TIGER 코스닥150,15620,5,-185,-1.17,15721.0,18.7007,16483,258,978
438570,6,SOL 국고채10년,102405,5,-480,-0.47,102408.0,-1.7477,865,88,971
283580,4,KODEX 차이나CSI300,11765,5,-45,-0.38,11867.0,-6.7141,10514,123,959
139230,2,TIGER 200 중공업,4085,2,20,0.49,4090.0,25.6568,508069,2081,949
150460,2,TIGER 중국소비테마,6345,2,40,0.63,6359.0,-9.1499,7675,48,948
407310,1,HANARO 200 TOP10,9045,5,-100,-1.09,9061.0,10.3802,26,0,941
364970,2,TIGER KRX바이오K-뉴딜,5960,5,-40,-0.67,5964.0,2.2146,164619,981,909
390390,4,KODEX 미국반도체MV,14170,2,10,0.07,14203.0,27.041,11579,163,907
157490,2,TIGER 소프트웨어,9180,5,-205,-2.18,9166.0,4.2777,172282,1585,896
423920,4,TIGER 미국필라델피아반도체레버리지(합성),14140,2,90,0.64,14226.0,52.0562,67784,953,881
414270,4,ACE G2전기차&자율주행액티브,9935,5,-5,-0.05,9946.0,17.2169,16639,165,864
461270,6,ACE 26-06 회사채(AA-이상)액티브,10040,5,-5,-0.05,10033.0,,14611,146,843
411420,4,KODEX 미국메타버스나스닥액티브,8440,2,25,0.3,8489.0,21.6919,28994,244,836
245340,4,TIGER 미국다우존스30,22695,2,165,0.73,22720.0,1.2675,5280,119,831
315960,2,KBSTAR 대형고배당10TR,17210,5,-190,-1.09,17212.0,13.355,1207,20,826
267770,3,TIGER 200선물레버리지,13680,5,-170,-1.23,13694.0,15.6093,63096,862,821
363580,2,KODEX 200IT TR,12655,5,-5,-0.04,12635.0,10.1348,305,3,810
195980,4,ARIRANG 신흥국MSCI(합성 H),9510,5,-75,-0.78,9537.0,8.1828,7158,67,808
298770,4,KODEX 한국대만IT프리미어,19435,5,-60,-0.31,19466.0,11.8473,6652,129,797
411060,5,ACE KRX금현물,11610,2,35,0.3,11573.0,-5.1619,14385,167,789
144600,5,KODEX 은선물(H),4710,5,-40,-0.84,4714.0,-2.9623,38311,180,787
448300,4,TIGER 미국나스닥100TR(H),13005,5,-65,-0.5,13044.0,18.8181,37033,481,767
437080,6,KODEX 미국종합채권SRI액티브(H),96530,5,-450,-0.46,96567.0,-0.7421,350,33,752
139250,2,TIGER 200 에너지화학,16150,5,-140,-0.86,16203.0,3.3301,5113,82,740
395270,2,HANARO Fn K-반도체,9805,2,5,0.05,9801.0,21.588,678791,6678,735
195920,4,TIGER 일본TOPIX(합성 H),19575,5,-65,-0.33,19661.0,12.7439,159,3,732
225040,4,TIGER 미국S&P500레버리지(합성 H),30430,5,-225,-0.73,30602.0,21.5744,5137,155,718
454780,6,히어로즈 종합채권(AA-이상)액티브,99320,3,0,0.0,99159.0,-0.7198,0,0,715
309230,4,ACE 미국WideMoat가치주,21635,5,-55,-0.25,21640.0,7.9104,2746,59,714
261220,5,KODEX WTI원유선물(H),14990,2,135,0.91,14985.0,8.7083,73555,1100,712
447770,7,TIGER 테슬라채권혼합Fn,11340,5,-135,-1.18,11347.0,14.75,26534,300,703
385720,1,TIMEFOLIO Kstock액티브,9140,5,-60,-0.65,9137.0,5.4441,45,0,686
114820,6,TIGER 국채3년,105545,5,-60,-0.06,105521.0,-0.2325,37,3,665
204450,4,KODEX 차이나H레버리지(H),2140,5,-10,-0.47,2152.0,3.1175,95331,202,661
458260,6,TIGER 미국투자등급회사채액티브(H),50125,5,-390,-0.77,50005.0,,371,18,660
445290,2,KODEX K-로봇액티브,13880,5,-55,-0.39,13868.0,13.3848,83562,1164,659
174360,4,KBSTAR 중국본토대형주CSI100,17105,5,-5,-0.03,17216.0,-7.6882,1054,17,650
245360,4,TIGER 차이나HSCEI,9460,5,-70,-0.73,9545.0,0.263,3768,35,643
269540,4,ARIRANG 미국S&P500(H),18800,5,-85,-0.45,18849.0,9.8603,6933,130,639
462330,2,KODEX 2차전지산업레버리지,12675,5,-325,-2.5,12680.0,,200365,2562,634
266160,2,KBSTAR 고배당,12030,5,-45,-0.37,12050.0,5.9024,5070,60,632
228790,2,TIGER 화장품,2275,2,75,3.41,2279.0,0.6864,813748,1834,631
461260,6,ACE 25-06 회사채(AA-이상)액티브,10050,5,-5,-0.05,10045.0,,796,8,624
437350,6,KBSTAR 미국단기투자등급회사채액티브,9950,2,25,0.25,9938.0,-4.0136,161,1,622
139280,2,TIGER 경기방어,8405,2,5,0.06,8422.0,-3.8132,10486,87,619
136340,6,KBSTAR 중기우량회사채,103645,5,-150,-0.14,103692.0,0.4189,512,53,612
272560,6,KBSTAR 단기국공채액티브,105760,5,-10,-0.01,105768.0,0.6135,638,67,605
452360,4,SOL 미국배당다우존스(H),10600,5,-55,-0.52,10620.0,5.3907,85835,909,604
419430,4,KODEX 차이나2차전지MSCI(합성),7305,2,115,1.6,7457.0,-7.7022,57773,420,599
325010,2,KODEX Fn성장,15260,5,-90,-0.59,15245.0,9.6037,3,0,595
322400,2,HANARO e커머스,10905,5,-155,-1.4,10932.0,-1.9504,8975,98,578
284430,6,KODEX 200미국채혼합,12235,5,-20,-0.16,12219.0,-1.2888,4633,56,577
233160,3,TIGER 코스닥150 레버리지,15790,5,-325,-2.02,15866.0,37.6174,37628,598,576
461450,1,KODEX 코스닥글로벌,11330,5,-135,-1.18,11416.0,,1308,14,567
437070,6,KODEX 아시아달러채권SRI플러스액티브,49900,2,180,0.36,49838.0,-4.1358,776,38,565
354350,4,HANARO 글로벌럭셔리S&P(합성),19520,5,-280,-1.41,19650.0,-0.101,2973,58,549
456680,4,TIGER 차이나전기차레버리지(합성),8640,2,70,0.82,8740.0,,10449,89,544
261260,7,KODEX 미국달러선물인버스2X,7000,5,-55,-0.78,7009.0,7.2188,142924,999,544
390950,6,HANARO 단기채권액티브,103800,3,0,0.0,103807.0,0.7669,0,0,539
449450,2,ARIRANG K방산Fn,12130,2,245,2.06,12142.0,1.5811,162014,1941,522
448490,6,HANARO 32-10 국고채액티브,51495,5,-310,-0.6,51440.0,-2.5306,252,13,518
117680,2,KODEX 철강,10400,2,50,0.48,10403.0,14.6814,15838,164,517
371450,4,TIGER 글로벌클라우드컴퓨팅INDXX,9760,5,-35,-0.36,9810.0,21.526,8168,79,515
456600,4,TIMEFOLIO 글로벌AI인공지능액티브,13885,5,-10,-0.07,13912.0,,188805,2623,514
385510,2,KODEX K-신재생에너지액티브,16435,2,265,1.64,16421.0,17.0466,16635,271,509
388280,2,KBSTAR Fn컨택트대표,8020,5,-30,-0.37,8022.0,-2.4243,1519,12,507
407830,4,에셋플러스 글로벌플랫폼액티브,7445,5,-75,-1.0,7495.0,26.3865,3532,26,506
458760,4,TIGER 미국배당+7%프리미엄다우존스,10225,2,5,0.05,10235.0,,63585,649,506
195930,4,TIGER 유로스탁스50(합성 H),15510,5,-180,-1.15,15626.0,2.2816,2245,34,496
433330,4,SOL 미국S&P500,12250,2,5,0.04,12283.0,6.8405,5193,63,490
456610,6,TIGER 미국달러SOFR금리액티브(합성),48800,2,185,0.38,48809.0,,1727,84,489
108450,2,ACE 삼성그룹섹터가중,16200,5,-25,-0.15,16197.0,5.7003,3881,62,486
368190,2,HANARO Fn K-뉴딜디지털플러스,9915,5,-145,-1.44,9911.0,7.8242,1635,16,486
441540,2,HANARO Fn조선해운,12125,5,-90,-0.74,12127.0,29.6021,53512,654,485
266370,2,KODEX IT,19245,5,-165,-0.85,19229.0,13.4092,1561,30,481
336160,6,KBSTAR 금융채액티브,100775,2,20,0.02,100717.0,0.1092,1,0,478
271050,5,KODEX WTI원유선물인버스(H),4435,5,-45,-1.0,4431.0,-9.9498,180337,800,477
440640,6,ACE 단기채권알파액티브,103310,2,5,0.0,103315.0,0.7509,483,49,475
101280,4,KODEX 일본TOPIX100,17655,5,-45,-0.25,17655.0,3.1168,2359,41,470
360140,2,KODEX 200롱코스닥150숏선물,8040,2,60,0.75,8039.0,-11.8233,10348,82,466
387270,4,TIGER 글로벌BBIG액티브,11745,2,5,0.04,11797.0,15.098,6326,74,463
417630,2,TIGER KEDI혁신기업ESG30,10990,5,-60,-0.54,10990.0,9.7318,3530,38,462
363510,6,SOL KIS단기통안채,104160,2,15,0.01,104139.0,0.7205,1,0,456
276970,4,KODEX 미국S&P500배당귀족커버드콜(합성 H),9205,5,-35,-0.38,9293.0,1.0498,3800,34,451
371470,4,TIGER 차이나바이오테크SOLACTIVE,6435,2,5,0.08,6465.0,-15.3948,1867,12,450
256440,4,ACE 인도네시아MSCI(합성),10695,3,0,0.0,10695.0,-7.242,4631,49,449
122260,6,KOSEF 통안채1년,103495,3,0,0.0,103500.0,0.6173,6,0,445
152870,1,파워 200,35240,5,-230,-0.65,35291.0,7.6642,12,0,441
123320,3,TIGER 레버리지,17415,5,-235,-1.33,17424.0,15.5861,130825,2278,435
458250,6,TIGER 미국채30년스트립액티브(합성 H),49225,5,-1070,-2.13,49088.0,,27582,1355,431
441640,4,KODEX 미국배당프리미엄액티브,10020,2,25,0.25,10057.0,-0.8531,68718,688,431
238720,4,ACE 일본Nikkei225(H),22630,5,-205,-0.9,22629.0,16.0315,3605,81,430
123310,3,TIGER 인버스,4915,2,30,0.61,4914.0,-6.6858,136861,672,428
102970,2,KODEX 증권,6075,5,-30,-0.49,6089.0,3.5623,34698,210,416
099140,4,KODEX 차이나H,16270,5,-140,-0.85,16563.0,-0.4188,523,8,415
365000,2,TIGER KRX인터넷K-뉴딜,3975,5,-90,-2.21,3977.0,1.4981,174756,701,409
411540,1,SOL 200 Top10,9250,5,-115,-1.23,9252.0,11.0254,1454,13,407
359210,1,KODEX 코스피TR,12920,5,-10,-0.08,12897.0,6.8153,484,6,401
456880,7,ACE 미국달러SOFR금리(합성),9860,2,40,0.41,9859.0,-3.0603,7544,74,396
445150,2,KODEX K-친환경선박액티브,12680,5,-100,-0.78,12690.0,25.8493,25425,323,393
404260,2,KODEX KRX기후변화솔루션,13970,5,-115,-0.82,13979.0,15.4981,11618,162,391
458030,6,WOORI 단기국공채액티브,50360,3,0,0.0,50361.0,,0,0,384
395750,2,ARIRANG ESG가치주액티브,8340,5,-45,-0.54,8364.0,7.2936,5532,46,384
387280,2,TIGER 퓨처모빌리티액티브,11270,5,-100,-0.88,11257.0,9.5375,1967,22,382
304780,3,HANARO 200선물레버리지,19765,5,-270,-1.35,19803.0,15.4089,140,2,376
227540,2,TIGER 200 헬스케어,17020,5,-20,-0.12,17049.0,2.6815,24442,415,374
418660,4,TIGER 미국나스닥100레버리지(합성),12435,2,5,0.04,12496.0,28.6083,34942,433,367
203780,4,TIGER 미국나스닥바이오,19415,5,-115,-0.59,19465.0,-4.2648,2604,50,365
415340,4,KODEX 차이나과창판STAR50(합성),7150,2,10,0.14,7234.0,-16.1972,210,1,365
394350,4,KOSEF 릭소글로벌퓨처모빌리티MSCI,10935,5,-165,-1.49,11005.0,21.3114,2923,32,361
449190,4,KODEX 미국나스닥100(H),12790,5,-55,-0.43,12813.0,19.0233,52969,675,352
200030,4,KODEX 미국S&P500산업재(합성),24830,2,150,0.61,24867.0,6.8629,3914,96,347
453820,4,KODEX 인도Nifty50레버리지(합성),11555,2,120,1.05,11571.0,7.0692,1212,13,347
138230,7,KOSEF 미국달러선물,14080,2,70,0.5,14076.0,-2.9107,210,2,346
261270,7,KODEX 미국달러선물인버스,8820,5,-30,-0.34,8827.0,4.0564,10567,93,345
272910,6,ACE 중장기국공채액티브,98095,2,30,0.03,97989.0,-0.3405,1,0,342
332500,1,ACE 200TR,22330,5,-145,-0.65,22350.0,7.742,185,4,335
434960,1,대신343 K200,35205,5,-185,-0.52,35235.0,7.6501,18412,646,334
300640,2,KBSTAR 게임테마,9445,2,80,0.85,9440.0,-13.4873,2610,24,326
400570,4,KODEX 유럽탄소배출권선물ICE(H),13075,5,-305,-2.28,13115.0,0.1122,69289,905,326
117700,2,KODEX 건설,3955,2,15,0.38,3970.0,12.8939,39308,155,324
319640,4,TIGER 골드선물(H),13430,5,-80,-0.59,13437.0,-2.5253,23111,310,322
256750,4,KODEX 차이나심천ChiNext(합성),9300,2,50,0.54,9429.0,-12.1558,380,3,322
243880,2,TIGER 200IT레버리지,42675,5,-340,-0.79,42705.0,19.0397,2667,113,320
337160,2,KODEX 200ESG,12745,5,-40,-0.31,12750.0,8.3015,39,0,319
261250,7,KODEX 미국달러선물레버리지,12165,2,110,0.91,12177.0,-4.7413,33467,406,316
308620,6,KODEX 미국채10년선물,10900,3,0,0.0,10894.0,-6.7181,9259,100,316
292190,1,KODEX KRX300,16620,5,-85,-0.51,16634.0,8.8273,1134,18,316
452250,6,ACE 미국30년국채선물레버리지(합성 H),7865,5,-230,-2.84,7857.0,-12.0587,113936,895,315
248270,4,TIGER S&P글로벌헬스케어(합성),19950,5,-45,-0.23,20025.0,-2.819,152,3,307
332620,6,ARIRANG 미국장기우량회사채,84605,5,-505,-0.59,84491.0,-6.2562,5625,477,305
250780,3,TIGER 코스닥150선물인버스,3535,2,40,1.14,3539.0,-16.8847,699715,2467,300
391600,4,ACE 미국친환경그린테마INDXX,10840,5,-60,-0.55,10859.0,10.268,671,7,293
429000,4,TIGER 미국S&P500배당귀족,10615,2,30,0.28,10629.0,0.5796,9091,96,292
266360,2,KODEX 미디어&엔터테인먼트,13265,5,-115,-0.86,13257.0,-2.6201,6270,83,292
450910,1,SOL 코스닥150,15020,5,-70,-0.46,15067.0,17.9366,106,1,291
310960,1,TIGER 200TR,19425,5,-120,-0.61,19471.0,7.8047,282,5,291
287180,4,ARIRANG 미국나스닥테크,26340,2,170,0.65,26331.0,23.4142,4670,122,290
236350,4,TIGER 인도니프티50레버리지(합성),28155,2,120,0.43,28450.0,5.4145,1161,33,287
341850,7,TIGER 리츠부동산인프라채권TR KIS,4720,5,-15,-0.32,4735.0,0.3177,450,2,286
169950,4,KODEX 차이나A50,18960,2,105,0.56,18922.0,-3.997,307,5,284
375770,2,KODEX 탄소효율그린뉴딜,8865,5,-35,-0.39,8864.0,7.7481,20,0,284
446700,2,KBSTAR 배터리 리사이클링iSelect,16505,2,40,0.24,16509.0,11.4759,11593,191,281
130680,5,TIGER 원유선물Enhanced(H),4515,2,35,0.78,4513.0,7.8219,65998,297,280
456250,4,KODEX 유럽명품TOP10 STOXX,9315,5,-80,-0.85,9361.0,-5.7674,5709,53,279
396510,4,TIGER 차이나클린에너지SOLACTIVE,6960,2,40,0.58,6998.0,-13.7158,3358,23,276
218420,4,KODEX 미국S&P500에너지(합성),13135,2,25,0.19,13133.0,-0.6442,4916,64,274
276990,4,KODEX 글로벌로봇(합성),17460,5,-280,-1.58,17474.0,7.3849,5591,97,272
279530,2,KODEX 고배당,8715,2,15,0.17,8731.0,-1.8059,1560,13,270
385600,2,ACE 2차전지&친환경차액티브,14925,5,-215,-1.42,14932.0,33.9823,83062,1243,269
385520,2,KODEX K-미래차액티브,10535,5,-5,-0.05,10534.0,10.251,6873,72,269
404540,2,TIGER KRX기후변화솔루션,14125,5,-75,-0.53,14119.0,14.4699,912,12,268
326230,2,KBSTAR 내수주플러스,7690,5,-20,-0.26,7723.0,-2.5285,2410,18,268
376410,2,TIGER 탄소효율그린뉴딜,8800,5,-40,-0.45,8814.0,7.9892,311,2,264
276650,4,KBSTAR 글로벌4차산업IT(합성 H),22900,2,70,0.31,22974.0,18.4743,1839,42,263
385590,2,ACE ESG액티브,8120,5,-10,-0.12,8115.0,11.9834,45,0,260
114470,6,KOSEF 국고채3년,108095,5,-100,-0.09,108102.0,-0.1698,1,0,259
138520,2,TIGER 삼성그룹펀더멘털,11750,5,-5,-0.04,11779.0,8.1914,5400,63,259
332610,6,ARIRANG 미국단기우량회사채,107645,2,530,0.49,107483.0,-3.4914,76,8,258
395160,2,KODEX Fn시스템반도체,9540,5,-105,-1.09,9548.0,18.4889,29197,279,258
400590,4,SOL 글로벌탄소배출권선물IHS(합성),12875,5,-285,-2.17,12906.0,0.3048,1468,18,258
438320,4,TIGER 차이나항셍테크레버리지(합성 H),9060,5,-120,-1.31,9127.0,27.9442,14144,127,257
440340,7,TIGER 글로벌멀티에셋TIF액티브,9490,2,10,0.11,9503.0,-1.7413,2950,27,256
412570,2,TIGER KRX2차전지K-뉴딜레버리지,12790,5,-405,-3.07,12848.0,31.163,54341,699,256
269420,4,KODEX S&P글로벌인프라(합성),13930,5,-165,-1.17,14033.0,-4.6024,653,9,250
426150,6,WOORI 대한민국국고채액티브,50455,5,-160,-0.32,50477.0,-1.6325,82,4,246
354500,1,ACE 코스닥150,15325,5,-165,-1.07,15382.0,18.8795,948,14,245
435420,7,TIGER 미국나스닥100TR채권혼합Fn,11110,5,-20,-0.18,11115.0,3.9215,1260,14,244
399110,4,SOL 미국S&P500ESG,11635,2,5,0.04,11642.0,7.3175,7823,91,244
377990,2,TIGER Fn신재생에너지,10180,2,110,1.09,10194.0,-0.7882,14231,144,244
114460,6,ACE 국고채3년,101675,5,-150,-0.15,101675.0,-0.1931,28,2,244
448540,7,ACE 엔비디아채권혼합블룸버그,14310,5,-80,-0.56,14345.0,17.7577,5006,71,243
449180,4,KODEX 미국S&P500(H),11025,5,-60,-0.54,11043.0,10.706,6032,66,243
252420,3,KBSTAR 200선물인버스2X,2385,2,25,1.06,2388.0,-13.8687,35466,84,241
114100,6,KBSTAR 국고채3년,107510,5,-245,-0.23,107578.0,-0.128,6,0,237
160580,5,TIGER 구리실물,10040,2,140,1.41,10266.0,-3.7901,25687,258,236
448330,1,KODEX 삼성전자채권혼합Wise,10680,5,-25,-0.23,10693.0,2.5383,1820,19,235
280930,4,KODEX 미국러셀2000(H),12545,5,-105,-0.83,12583.0,13.6567,949,11,232
272570,6,KBSTAR 중장기국공채액티브,100910,5,-25,-0.02,100784.0,-0.7474,1,0,231
329660,7,KODEX TRF5050,12815,3,0,0.0,12822.0,1.2643,1148,14,231
139220,2,TIGER 200 건설,3555,2,25,0.71,3557.0,11.3564,31635,112,230
381560,2,HANARO Fn전기&수소차,10170,2,15,0.15,10176.0,9.606,16232,164,229
329670,7,KODEX TRF7030,14280,5,-55,-0.38,14263.0,3.0183,705,10,228
337140,2,KODEX 코스피대형주,12750,5,-65,-0.51,12764.0,7.2384,64,0,217
261120,7,TIGER 미국달러선물인버스2X,6985,5,-55,-0.78,6993.0,7.6452,9752,68,217
237370,7,KODEX 배당성장채권혼합,11855,5,-35,-0.29,11883.0,1.4072,25356,300,213
252400,3,KBSTAR 200선물레버리지,16415,5,-200,-1.2,16391.0,15.7839,701,11,213
304770,1,HANARO 코스닥150,15200,5,-145,-0.94,15320.0,18.1293,1017,15,213
397410,6,KBSTAR 국채선물5년추종인버스,55445,2,185,0.33,55454.0,2.3807,15,0,210
250730,4,KBSTAR 차이나HSCEI(H),8050,5,-60,-0.74,8106.0,3.115,188,1,209
448570,1,FOCUS AI코리아액티브,12305,5,-105,-0.85,12303.0,12.9208,35,0,209
409810,4,KODEX 미국나스닥100선물인버스(H),9710,2,40,0.41,9695.0,-15.7299,29027,282,209
219390,4,KBSTAR 미국S&P원유생산기업(합성 H),6500,2,5,0.08,6556.0,14.1476,49611,323,208
282000,3,KBSTAR 국고채3년선물인버스,107245,2,185,0.17,107246.0,1.6859,1,0,207
210780,2,TIGER 코스피고배당,13110,2,5,0.04,13141.0,-0.2209,917,11,205
261070,2,TIGER 코스닥150바이오테크,7510,5,-60,-0.79,7516.0,-0.7864,27746,208,204
445910,2,TIGER MKF배당귀족,11850,2,35,0.3,11865.0,9.7436,4788,56,201
300950,2,KODEX 게임산업,7075,5,-35,-0.49,7090.0,-13.8704,25977,181,198
446690,4,KODEX 아시아반도체공급망exChina액티브,12990,5,-240,-1.81,13084.0,27.8755,1821,23,195
277540,4,ACE 아시아TOP50S&P,12970,3,0,0.0,12948.0,3.5528,7,0,195
211900,2,KODEX 배당성장,13330,2,10,0.08,13332.0,4.3069,336,4,193
447620,7,SOL 미국TOP5채권혼합40 Solactive,11315,5,-20,-0.18,11263.0,7.5426,6779,76,192
237350,1,KODEX 코스피100,27115,5,-185,-0.68,27108.0,8.6134,431,11,190
364990,2,TIGER KRX게임K-뉴딜,5290,5,-25,-0.47,5271.0,-14.3433,22832,119,188
453330,4,KBSTAR 미국S&P500(H),11585,5,-80,-0.69,11624.0,11.1269,1957,22,185
137610,5,TIGER 농산물선물Enhanced(H),7395,5,-10,-0.14,7413.0,1.5078,2446,18,185
396520,4,TIGER 차이나반도체FACTSET,6070,2,15,0.25,6158.0,-12.3734,3242,19,182
434060,7,KODEX TDF2050액티브,11360,5,-45,-0.39,11370.0,3.1193,5426,61,182
407820,2,에셋플러스 코리아플랫폼액티브,7435,5,-25,-0.34,7434.0,4.2627,69,0,178
438560,6,SOL 국고채3년,102850,5,-110,-0.11,102834.0,-0.1358,42,4,178
265690,4,ACE 러시아MSCI(합성),9590,3,0,0.0,44.0,0.0,0,0,177
217770,5,TIGER 원유선물인버스(H),3005,5,-30,-0.99,3001.0,-10.7353,66664,200,174
442260,1,마이티 다이나믹퀀트액티브,11925,5,-115,-0.96,11947.0,6.9271,5,0,172
292730,1,FOCUS KRX300,16830,5,-155,-0.91,16878.0,9.5099,3,0,168
122090,1,ARIRANG 코스피50,24220,5,-175,-0.72,24254.0,8.0859,133,3,167
289260,2,TIGER MSCI KOREA ESG리더스,9225,5,-75,-0.81,9235.0,7.7636,12,0,163
411720,4,KBSTAR 글로벌메타버스Moorgate,9555,2,30,0.31,9761.0,12.7886,4115,39,162
316670,1,KOSEF 코스닥150,7625,5,-70,-0.91,7639.0,19.4875,10190,77,160
105780,2,KBSTAR 5대그룹주,6610,5,-60,-0.9,6606.0,4.3818,142,0,159
352560,7,KODEX 다우존스미국리츠(H),11745,5,-60,-0.51,11763.0,4.3213,659,7,159
252410,3,KBSTAR 200선물인버스,5630,2,40,0.72,5630.0,-6.9884,731,4,158
139240,2,TIGER 200 철강소재,9900,5,-35,-0.35,9906.0,11.931,1161,11,156
385710,2,TIMEFOLIO 이노베이션액티브,9745,5,-215,-2.16,9795.0,18.9253,1660,16,156
271060,5,KODEX 3대농산물선물(H),11755,3,0,0.0,11732.0,3.2952,13326,156,155
196030,4,ACE 일본TOPIX레버리지(H),30830,5,-205,-0.66,30887.0,28.2968,19719,600,154
448630,7,KBSTAR 삼성그룹Top3채권혼합블룸버그,10170,5,-40,-0.39,10166.0,1.8453,1110,11,153
337150,2,KODEX 200exTOP,11680,5,-105,-0.89,11695.0,7.7239,2,0,152
102960,2,KODEX 기계장비,8380,2,75,0.9,8371.0,24.3263,7744,64,151
289480,3,TIGER 200커버드콜ATM,8765,5,-10,-0.11,8778.0,4.5265,3128,27,149
365040,1,TIGER AI코리아그로스액티브,12355,5,-25,-0.2,12339.0,5.5413,1956,24,148
182490,6,TIGER 단기선진하이일드(합성 H),12300,5,-120,-0.97,12377.0,1.7615,565,6,148
140710,2,KODEX 운송,4460,5,-45,-1.0,4464.0,-0.9891,1427,6,147
306950,3,KODEX KRX300레버리지,14540,5,-285,-1.92,14699.0,17.8926,1292,18,145
285690,2,FOCUS ESG리더스,10375,2,10,0.1,10411.0,5.6574,610,6,145
211560,2,TIGER 배당성장,16610,2,30,0.18,16624.0,4.3423,21,0,145
183700,7,KBSTAR 채권혼합,59660,5,-255,-0.43,59711.0,2.1638,87,5,143
167860,6,KOSEF 국고채10년레버리지,102225,5,-1170,-1.13,102271.0,-4.9198,105,10,143
411050,4,ACE 글로벌메타버스테크액티브,8900,5,-40,-0.45,9113.0,20.8108,12924,115,142
117460,2,KODEX 에너지화학,20270,5,-140,-0.69,20265.0,12.7312,6129,124,142
104530,2,KOSEF 고배당,8330,3,0,0.0,8333.0,-1.4202,1715,14,142
241390,7,KBSTAR V&S셀렉트밸류채권혼합,11790,5,-20,-0.17,11783.0,2.1537,1016,11,141
140700,2,KODEX 보험,7440,2,90,1.22,7434.0,-4.916,3006,22,141
217780,4,TIGER 차이나CSI300인버스(합성),8545,2,65,0.77,8528.0,7.9567,768,6,141
181480,7,ACE 미국다우존스리츠(합성 H),78195,2,45,0.06,78207.0,4.0543,15,1,141
453950,4,TIGER TSMC밸류체인FACTSET,11010,2,15,0.14,11023.0,17.3425,10126,111,138
195970,4,ARIRANG 선진국MSCI(합성 H),11245,5,-165,-1.45,11291.0,3.633,5553,62,137
300610,2,TIGER K게임,8050,2,30,0.37,8074.0,-13.7635,10820,85,137
395280,2,HANARO Fn K-게임,4315,5,-60,-1.37,4351.0,-12.8487,1920,8,136
276000,4,TIGER 글로벌자원생산기업(합성 H),15680,5,-45,-0.29,15546.0,1.747,436,6,133
245350,4,TIGER 유로스탁스배당30,11030,5,-15,-0.14,11034.0,-0.7816,562,6,132
225800,7,KOSEF 미국달러선물레버리지,11600,2,80,0.69,11624.0,-7.0593,1194,13,132
253290,7,KBSTAR 헬스케어채권혼합,11015,5,-15,-0.14,11029.0,0.1816,1458,16,132
445690,2,BNK 주주가치액티브,11980,5,-55,-0.46,11960.0,3.7052,1169,13,132
291130,4,ACE 멕시코MSCI(합성),14640,5,-135,-0.91,14557.0,3.4301,649,9,132
441800,1,TIMEFOLIO Korea플러스배당액티브,11255,5,-105,-0.92,11247.0,14.2052,3054,34,131
453080,4,KOSEF 미국나스닥100(H),13050,5,-75,-0.57,13092.0,18.6172,1014,13,131
213630,4,ARIRANG 미국다우존스고배당주(합성 H),15335,2,20,0.13,15314.0,0.229,132,2,130
421320,2,ARIRANG 우주항공&UAM iSelect,10840,3,0,0.0,10861.0,4.5323,5976,64,130
463250,2,TIGER 스페이스테크iSelect,10820,2,20,0.19,10832.0,,283951,3075,130
449770,4,KOSEF 미국S&P500,11740,5,-10,-0.09,11763.0,6.9932,63,0,129
423170,4,SOL 한국형글로벌반도체액티브,12810,5,-5,-0.04,12852.0,25.2076,15386,197,128
419420,4,KODEX 미국클린에너지나스닥,9145,5,-180,-1.93,9179.0,16.6937,10045,91,128
223190,2,KODEX 200가치저변동,9840,5,-70,-0.71,9857.0,4.1513,2379,23,128
401590,4,HANARO 글로벌탄소배출권선물ICE(합성),11005,5,-350,-3.08,11035.0,-6.0795,10054,110,127
289040,2,KODEX MSCI KOREA ESG유니버설,10465,5,-60,-0.57,10485.0,8.5611,3,0,126
138530,2,TIGER LG그룹+펀더멘털,8690,2,85,0.99,8709.0,-7.2738,3827,33,125
310080,4,KBSTAR 중국MSCI China(H),8605,5,-105,-1.21,8616.0,5.768,600,5,125
453060,6,HANARO KOFR금리액티브(합성),101415,2,15,0.01,101406.0,0.9306,626,63,122
447660,7,ARIRANG Apple채권혼합Fn,10990,5,-20,-0.18,10992.0,3.1865,3604,39,121
390400,4,KODEX 미국스마트모빌리티S&P,7110,2,5,0.07,7175.0,29.6059,11058,78,121
422260,2,VITA MZ소비액티브,8055,5,-40,-0.49,8116.0,1.8238,16,0,121
368680,2,KODEX Fn K-뉴딜디지털플러스,9985,5,-160,-1.58,9988.0,8.4446,1170,11,120
458750,4,TIGER 미국배당+3%프리미엄다우존스,10310,5,-10,-0.1,10326.0,,8927,92,119
185680,4,KODEX 미국S&P바이오(합성),23230,5,-95,-0.41,23281.0,2.2802,1853,42,118
435040,4,ACE 글로벌브랜드TOP10블룸버그,12365,5,-65,-0.52,12425.0,7.1736,455,5,117
251600,7,ARIRANG 고배당주채권혼합,10675,5,-10,-0.09,10696.0,-0.373,1929,20,117
140950,1,파워 코스피100,26595,5,-220,-0.82,26658.0,7.2385,12,0,117
292160,1,TIGER KRX300,16715,5,-95,-0.57,16704.0,9.5685,5,0,117
442090,2,에셋플러스 코리아대장장이액티브,12995,5,-110,-0.84,12986.0,23.632,1708,22,117
252000,1,TIGER 200동일가중,11060,2,30,0.27,11091.0,2.6046,11,0,116
441330,4,KOSEF 차이나A50커넥트MSCI,8860,2,70,0.8,8847.0,-6.4894,18006,159,115
399580,4,KBSTAR 글로벌클린에너지S&P,8850,5,-45,-0.51,8794.0,-6.4177,2402,21,115
266410,2,KODEX 필수소비재,6385,2,90,1.43,6393.0,-11.4005,8177,52,115
459560,4,KODEX 테슬라밸류체인FactSet,10910,5,-75,-0.68,11055.0,,1358,14,115
461580,1,TIGER 코스닥글로벌,11380,5,-45,-0.39,11415.0,,61,0,114
433220,4,에셋플러스 글로벌대장장이액티브,12045,5,-45,-0.37,12110.0,14.8693,25,0,113
280320,4,ACE 미국IT인터넷S&P(합성 H),14080,5,-15,-0.11,14067.0,20.9871,190,2,113
239660,6,ARIRANG 우량회사채50 1년,112250,5,-10,-0.01,112250.0,0.5193,554,62,112
453630,4,KODEX 미국S&P500필수소비재,10200,2,35,0.34,10362.0,-6.4944,160,1,112
229720,1,KODEX KTOP30,18670,5,-125,-0.67,18668.0,8.391,28,0,112
429760,4,ARIRANG 미국S&P500,11120,5,-25,-0.22,11146.0,7.215,444,4,111
138910,5,KODEX 구리선물(H),6945,5,-150,-2.11,6959.0,1.6475,11906,82,111
292050,1,KBSTAR KRX300,17080,5,-60,-0.35,17055.0,9.2067,154,2,111
453650,4,KODEX 미국S&P500금융,11100,5,-55,-0.49,11306.0,3.6517,1385,15,111
230480,7,KOSEF 미국달러선물인버스2X,6160,5,-50,-0.81,6160.0,7.7189,4187,25,111
168300,1,KTOP 코스피50,24635,5,-210,-0.85,24675.0,8.9454,44,1,111
091220,2,TIGER 은행,6485,5,-30,-0.46,6491.0,6.961,4965,32,108
449680,7,TIGER 한중전기차(합성),11275,2,70,0.62,11348.0,0.1788,2,0,107
448100,6,WOORI 200,35320,5,-250,-0.7,35416.0,8.0006,69,2,106
430500,7,KOSEF 물가채KIS,105940,5,-210,-0.2,105842.0,0.5493,24,2,106
375760,2,HANARO 탄소효율그린뉴딜,8755,5,-25,-0.28,8766.0,7.3874,1336,11,105
373790,4,KOSEF 미국방어배당성장나스닥,13080,2,5,0.04,13081.0,-4.5621,564,7,105
453640,4,KODEX 미국S&P500헬스케어,10435,2,20,0.19,10512.0,-2.8361,68,0,104
104520,2,KOSEF 블루칩,7915,5,-20,-0.25,7915.0,-0.4392,13,0,103
403790,1,마이다스 KoreaStock액티브,19585,5,-100,-0.51,19667.0,5.748,14,0,103
449540,6,SOL 24-06 국고채액티브,102425,5,-20,-0.02,102487.0,0.683,30,3,102
451670,6,KBSTAR 국채30년레버리지KAP(합성),17795,5,-155,-0.86,17795.0,-9.4121,1849,32,102
433500,2,ACE 원자력테마딥서치,12700,2,350,2.83,12729.0,11.6636,52921,668,102
156080,1,KODEX MSCI Korea,16920,5,-40,-0.24,16899.0,8.3359,12,0,102
395760,2,ARIRANG ESG성장주액티브,8455,5,-35,-0.41,8482.0,8.4984,130,1,101
354240,7,KBSTAR 미국고정배당우선증권ICE TR,9595,5,-5,-0.05,9580.0,-4.762,782,7,101
418670,4,TIGER 글로벌사이버보안INDXX,10070,2,155,1.56,10144.0,11.4044,3521,35,101
152500,3,ACE 레버리지,7185,5,-85,-1.17,7196.0,15.3053,27855,199,101
292500,1,SOL KRX300,16705,5,-105,-0.62,16757.0,9.1062,3,0,100
449690,4,TIGER 한중반도체(합성),11765,3,0,0.0,11848.0,3.2017,0,0,100
463680,4,KODEX 미국S&P500테크놀로지,10000,2,40,0.4,10121.0,,1758,17,100
463690,4,KODEX 미국S&P500통신서비스,9985,2,25,0.25,10064.0,,20,0,100
453660,4,KODEX 미국S&P500경기소비재,11735,5,-220,-1.84,12019.0,12.4541,173,2,100
292750,1,ARIRANG KRX300,16585,5,-45,-0.27,16584.0,8.6218,123,2,100
100910,1,KOSEF KRX100,5525,5,-30,-0.54,5523.0,7.7594,23,0,99
225030,4,TIGER 미국S&P500선물인버스(H),3550,2,15,0.42,3547.0,-9.2427,5823,20,99
426030,4,TIMEFOLIO 미국나스닥100액티브,13415,2,15,0.11,13436.0,23.2183,929,12,99
225130,4,ACE 골드선물 레버리지(합성 H),16525,5,-85,-0.51,16513.0,-6.2906,949,15,99
457700,6,KODEX 53-09 국고채액티브,9885,5,-65,-0.65,9831.0,,3580,35,99
457690,6,KODEX 33-06 국고채액티브,9865,5,-55,-0.55,9856.0,,67,0,99
139270,2,TIGER 200 금융,6165,5,-45,-0.72,6182.0,4.9695,2815,17,99
253150,3,ARIRANG 200선물레버리지,32855,5,-455,-1.37,32933.0,15.5594,206,6,99
463640,4,KODEX 미국S&P500유틸리티,9810,5,-125,-1.26,9962.0,,523,5,98
455960,6,KBSTAR 미국달러SOFR금리액티브(합성),9800,3,0,0.0,9848.0,,0,0,98
433970,7,KODEX TDF2030액티브,10855,5,-40,-0.37,10877.0,0.9263,839,9,98
225050,4,TIGER 유로스탁스레버리지(합성 H),9720,5,-280,-2.8,9785.0,2.3017,675,6,97
395150,2,KODEX Fn웹툰&드라마,4360,5,-25,-0.57,4359.0,-11.2349,13094,57,96
449580,7,KBSTAR 미국빅데이터Top3채권혼합iSelect,11890,5,-65,-0.54,12020.0,8.5338,54,0,95
449780,4,KOSEF 미국S&P500(H),11745,5,-75,-0.63,11768.0,10.6223,15,0,94
417450,4,KBSTAR 글로벌수소경제Indxx,8935,5,-55,-0.61,8924.0,2.3917,13930,123,94
402520,1,FOCUS 혁신기업액티브,8520,5,-95,-1.1,8556.0,7.4859,2,0,94
139660,7,KOSEF 미국달러선물인버스,9180,5,-50,-0.54,9196.0,4.2348,191,1,94
429010,4,TIGER 미국나스닥넥스트100,10940,5,-70,-0.64,11070.0,3.8189,4,0,93
145850,2,TREX 펀더멘탈 200,37125,5,-360,-0.96,37282.0,7.3023,2,0,93
253160,3,ARIRANG 200선물인버스2X,4845,2,55,1.15,4843.0,-13.9264,1762,8,92
244620,2,KODEX 모멘텀Plus,13025,2,5,0.04,13020.0,18.5792,10,0,91
400580,4,SOL 유럽탄소배출권선물S&P(H),13020,5,-275,-2.07,13041.0,0.3396,14231,185,91
426020,4,TIMEFOLIO 미국S&P500액티브,12600,2,35,0.28,12644.0,17.2655,1315,16,91
227570,2,TIGER 우량가치,10680,3,0,0.0,10711.0,-1.2026,11,0,90
455660,6,ACE 미국하이일드액티브(H),9920,5,-35,-0.35,9895.0,1.3231,440,4,89
307010,3,KBSTAR KRX300레버리지,14840,5,-170,-1.13,14780.0,18.1424,3,0,89
108590,1,TREX 200,35525,5,-195,-0.55,35541.0,7.5029,8,0,89
360150,2,KODEX 코스닥150롱코스피200숏선물,11090,5,-5,-0.05,11056.0,11.5075,4,0,89
440650,6,ACE 미국달러단기채권액티브,9855,2,50,0.51,9842.0,-3.1605,751,7,89
428560,4,KODEX 미국ETF산업Top10 Indxx,11780,5,-20,-0.17,11844.0,6.2967,1061,12,88
424460,4,HANARO 글로벌워터MSCI(합성),11030,2,20,0.18,11018.0,4.1627,23,0,88
438740,2,마이다스 KoreaStock중소형액티브,23200,2,30,0.13,23247.0,12.503,24,0,87
429980,7,SOL 한국형글로벌전기차&2차전지액티브,11730,2,40,0.34,11741.0,18.4997,211,2,87
267490,6,KBSTAR 미국장기국채선물레버리지(합성 H),6895,5,-140,-1.99,6889.0,-9.5177,7368,50,86
225060,4,TIGER 이머징마켓MSCI레버리지(합성 H),7830,5,-45,-0.57,7841.0,11.9402,817,6,86
459370,4,SOL 유럽탄소배출권선물인버스ICE(H),10705,2,260,2.49,10674.0,,19515,208,86
316300,7,ACE 싱가포르리츠,12205,5,-30,-0.25,12292.0,-6.2093,2397,29,85
452440,2,VITA 밸류알파액티브,11390,2,40,0.35,11453.0,9.9273,6,0,85
444200,2,SOL KEDI메가테크액티브,13140,5,-130,-0.98,13140.0,9.1731,1130,14,85
270800,2,KBSTAR KQ고배당,13125,2,35,0.27,13098.0,3.8065,3,0,85
131890,2,ACE 삼성그룹동일가중,16970,5,-35,-0.21,17014.0,7.8313,18,0,85
153270,1,KOSEF 코스피100,26400,5,-125,-0.47,26414.0,7.5846,15,0,84
461600,6,SOL 미국30년국채액티브(H),9935,5,-125,-1.24,9944.0,,132018,1311,84
404650,2,SOL KRX기후변화솔루션,14060,5,-60,-0.42,14053.0,15.3594,1619,22,84
403990,2,KBSTAR KRX기후변화솔루션,13980,5,-50,-0.36,13934.0,14.9058,65,0,84
457990,2,ARIRANG 태양광&ESS Fn,10435,2,395,3.93,10490.0,,8570,88,83
289670,6,ARIRANG 국채선물10년,50830,5,-275,-0.54,50811.0,-2.3036,2,0,83
438100,7,ACE 미국나스닥100채권혼합액티브,10410,2,35,0.34,10417.0,2.2671,2313,24,83
435550,7,히어로즈 TDF2050액티브,11055,2,35,0.32,11058.0,2.1316,182,2,83
269370,4,TIGER S&P글로벌인프라(합성),11815,5,-100,-0.84,11864.0,-4.9917,272,3,83
253250,3,KOSEF 200선물레버리지,16215,5,-200,-1.22,16225.0,15.3954,6546,106,83
460270,6,히어로즈 미국달러SOFR금리액티브(합성),10200,2,50,0.49,10196.0,,10,0,83
253230,3,KOSEF 200선물인버스2X,2390,2,25,1.06,2399.0,-14.1561,68059,163,82
460660,4,KBSTAR 미국S&P배당킹,10280,5,-25,-0.24,10369.0,,101066,1040,82
346000,6,HANARO KAP초장기국고채,36615,5,-300,-0.81,36612.0,-3.1484,281,10,82
305050,1,ACE 코스피,27175,5,-70,-0.26,27184.0,6.5089,18,0,82
143460,2,ACE 밸류대형,9055,5,-65,-0.71,9069.0,7.6741,3398,30,81
371130,4,ACE 베트남VN30선물블룸버그레버리지(H),11585,5,-380,-3.18,11663.0,38.4037,2187,25,81
450180,7,KODEX 한중전기차(합성),11580,2,160,1.4,11594.0,-0.1312,12,0,81
319870,7,KBSTAR KRX300미국달러선물혼합,16185,2,35,0.22,16136.0,4.9041,2,0,81
438080,7,ACE 미국S&P500채권혼합액티브,10100,2,30,0.3,10117.0,0.0,1552,15,81
434730,2,HANARO 원자력iSelect,12430,2,515,4.32,12449.0,13.9101,51994,641,81
460960,7,ACE 글로벌인컴TOP10 SOLACTIVE,10085,3,0,0.0,10089.0,,3160,31,81
331910,2,KOSEF Fn중소형,21225,2,200,0.95,21228.0,3.2662,13,0,81
291630,3,KOSEF 코스닥150선물레버리지,6800,5,-130,-1.88,6810.0,39.017,5475,37,80
137930,3,마이다스 200커버드콜5%OTM,13355,5,-50,-0.37,13407.0,7.3258,12,0,80
404120,2,TIMEFOLIO 탄소중립액티브,16025,2,100,0.63,16013.0,31.4486,4082,65,80
267440,6,KBSTAR 미국장기국채선물(H),8900,5,-75,-0.84,8888.0,-4.6734,2607,23,80
462340,4,에셋플러스 글로벌다이나믹시니어액티브,9950,5,-35,-0.35,9982.0,,74,0,80
228820,1,TIGER KTOP30,9360,5,-90,-0.95,9367.0,8.297,119,1,80
451150,4,에셋플러스 글로벌영에이지액티브,11595,5,-45,-0.39,11620.0,1.0416,35,0,79
272230,2,ACE 스마트밸류,13120,5,-115,-0.87,13160.0,7.0792,12,0,79
183710,7,KBSTAR 주식혼합,39235,5,-165,-0.42,39219.0,5.2772,2,0,78
457930,2,BNK 미래전략기술액티브,10460,5,-70,-0.66,10479.0,,1401,14,78
275280,2,KODEX MSCI모멘텀,13035,5,-100,-0.76,13070.0,20.2288,1326,17,78
460280,2,KOSEF Fn유전자혁신기술,10375,3,0,0.0,10374.0,,2325,23,78
322120,2,ACE 스마트퀄리티,15545,5,-55,-0.35,15562.0,6.9592,142,2,78
461910,4,ARIRANG 미국테크10레버리지iSelect(합성),10360,5,-125,-1.19,10450.0,,228073,2348,78
459750,4,KBSTAR 글로벌주식분산액티브,10350,2,40,0.39,10344.0,,5890,60,78
456100,6,HANARO 유로존국채25년플러스(합성 H),48270,5,-915,-1.86,48379.0,,18,0,77
432840,4,HANARO 미국S&P500,11030,2,10,0.09,11142.0,6.2988,117,1,77
435540,7,히어로즈 TDF2040액티브,10990,3,0,0.0,10991.0,2.1375,34,0,77
404470,2,HANARO KRX기후변화솔루션,13955,5,-40,-0.29,13968.0,14.3382,43,0,77
139320,5,TIGER 금은선물(H),9585,5,-125,-1.29,9587.0,-2.9486,385,3,77
415760,4,SOL 차이나육성산업액티브(합성),6970,2,40,0.58,7054.0,-14.4445,275,1,77
461900,4,ARIRANG 미국테크10iSelect,10215,2,70,0.69,10236.0,,773,7,77
337120,2,KODEX Fn멀티팩터,12710,5,-95,-0.74,12743.0,7.3344,2,0,76
454320,2,HANARO CAPEX설비투자iSelect,12650,2,450,3.69,12678.0,18.5041,118841,1486,76
459790,4,히어로즈 미국성장기업30액티브,10110,5,-100,-0.98,10314.0,,6,0,76
364690,1,KODEX 혁신기술테마액티브,12605,5,-25,-0.2,12621.0,8.412,21,0,76
138920,5,KODEX 콩선물(H),15090,2,145,0.97,15083.0,7.6729,198,2,75
289250,2,TIGER MSCI KOREA ESG유니버설,10440,5,-70,-0.67,10445.0,8.7766,2,0,75
413220,4,SOL 차이나태양광CSI(합성),6260,5,-10,-0.16,6296.0,-16.4,147,0,75
435530,7,히어로즈 TDF2030액티브,10685,2,5,0.05,10686.0,0.8974,136,1,75
464060,4,HANARO 글로벌반도체TOP10 SOLACTIVE,9955,2,5,0.05,10109.0,,3774,37,75
432600,6,KBSTAR 국채선물3년,51655,2,45,0.09,51583.0,-0.5397,1,0,74
304670,6,KODEX 미국채울트라30년선물인버스(H),10590,2,145,1.39,10595.0,5.5583,469,4,74
322130,2,ACE 스마트로우볼,14770,5,-115,-0.77,14790.0,5.9053,26,0,74
402460,2,HANARO Fn K-메타버스MZ,7765,5,-30,-0.38,7778.0,2.7009,443,3,74
261110,7,TIGER 미국달러선물레버리지,12260,2,125,1.03,12290.0,-7.7888,1340,16,74
352540,7,KODEX TSE일본리츠(H),12225,2,15,0.12,12269.0,0.6595,621,7,73
456200,6,ARIRANG 미국달러SOFR금리액티브(합성),48825,2,505,1.05,48772.0,,4,0,73
277650,2,TIGER 코스피중형주,14585,2,105,0.73,14592.0,4.7756,22,0,73
272220,2,ACE 스마트모멘텀,14525,5,-105,-0.72,14539.0,7.5339,22,0,73
290080,3,KBSTAR 200고배당커버드콜ATM,6895,5,-15,-0.22,6918.0,-5.2647,6285,43,72
234310,2,KBSTAR V&S셀렉트밸류,14395,5,-85,-0.59,14409.0,5.9641,53,0,72
333950,2,ARIRANG KS로우사이즈가중TR,15995,2,35,0.22,16037.0,5.8355,105,1,72
379790,4,KBSTAR 유로스탁스50(H),11985,5,-105,-0.87,12030.0,2.7187,409,4,72
450190,4,KODEX 한중반도체(합성),11985,2,115,0.97,11991.0,2.9934,618,7,72
237440,7,TIGER 경기방어채권혼합,8775,2,15,0.17,8777.0,-1.4624,3,0,70
371150,4,KBSTAR 차이나항셍테크,6340,2,20,0.32,6354.0,11.4638,1807,11,70
433250,1,UNICORN R&D 액티브,11530,5,-100,-0.86,11547.0,7.5855,14,0,69
307510,2,TIGER 의료기기,17250,5,-45,-0.26,17255.0,16.5038,1221,21,69
437370,4,KBSTAR 글로벌농업경제MV,9855,2,70,0.72,9860.0,-2.0521,507,4,69
227830,1,ARIRANG 코스피,27485,5,-65,-0.24,27537.0,6.309,138,3,69
411860,4,KOSEF 독일DAX,10485,5,-80,-0.76,10526.0,-1.271,120,1,68
269530,4,ARIRANG S&P글로벌인프라,13600,5,-110,-0.8,13615.0,-4.7586,53,0,68
454180,4,KOSEF 차이나내수소비TOP CSI,8990,2,85,0.95,9075.0,-6.2632,12694,114,67
219900,4,ACE 중국본토CSI300레버리지(합성),3050,5,-30,-0.97,3129.0,-17.8667,7409,22,67
322150,2,ACE 스마트하이베타,13390,5,-140,-1.03,13413.0,9.9553,12,0,67
333960,2,ARIRANG KS모멘텀가중TR,14595,2,5,0.03,14629.0,10.4884,105,1,66
367740,2,HANARO Fn5G산업,11930,5,-155,-1.28,11959.0,12.033,62,0,66
176950,6,KODEX 국채선물10년인버스,54670,3,0,0.0,54985.0,3.6299,0,0,66
304760,1,HANARO KRX300,16350,5,-35,-0.21,16343.0,8.5674,16,0,65
450120,2,KOSEF SK그룹대표주,11880,5,-70,-0.59,11879.0,16.3583,1379,16,65
275290,2,KODEX MSCI밸류,10830,5,-85,-0.78,10896.0,2.2961,2,0,65
192720,2,파워 고배당저변동성,27035,5,-60,-0.22,27117.0,-2.0427,26,0,65
189400,4,ARIRANG 글로벌MSCI(합성 H),16600,5,-185,-1.1,16626.0,8.3602,595,9,65
438900,2,HANARO Fn K-푸드,8630,5,-40,-0.46,8675.0,-10.6186,3868,33,65
410870,2,TIMEFOLIO K컬처액티브,9190,2,40,0.44,9216.0,18.5233,3095,28,64
445930,4,KOSEF 차이나A50커넥트레버리지MSCI(합성H),9880,3,0,0.0,9950.0,-3.5628,0,0,64
292770,6,KODEX 국채선물3년인버스,53495,3,0,0.0,53552.0,2.0215,0,0,64
159800,1,마이티 코스피100,26515,5,-265,-0.99,26584.0,7.2486,3,0,64
380340,2,ACE Fn5G플러스,9070,5,-135,-1.47,9068.0,31.6881,243,2,63
373490,2,KODEX K-이노베이션액티브,11490,5,-100,-0.86,11513.0,13.8506,464,5,63
117690,4,TIGER 차이나항셍25,14030,2,70,0.5,14101.0,-1.0281,729,10,63
413930,2,WOORI AI ESG액티브,8995,2,15,0.17,8978.0,7.5449,85,0,63
166400,3,TIGER 200커버드콜5%OTM,12545,5,-65,-0.52,12582.0,7.1185,1294,16,63
253280,2,KBSTAR 헬스케어,11340,5,-40,-0.35,11359.0,1.88,3869,43,62
279540,2,KODEX 최소변동성,10390,5,-70,-0.67,10432.0,1.6027,2,0,62
461340,4,HANARO 글로벌생성형AI액티브,10340,5,-5,-0.05,10364.0,,8665,89,62
416090,4,ACE 중국과창판STAR50,6890,2,50,0.73,6978.0,-16.7884,91,0,62
448510,4,HANARO 글로벌신재생에너지MSCI(합성),8850,5,-60,-0.67,8860.0,-6.6527,11,0,62
140570,2,KBSTAR 수출주,12325,5,-20,-0.16,12306.0,14.5176,6557,80,62
226980,1,KODEX 200 중소형,12315,2,40,0.33,12430.0,4.557,114,1,62
445950,4,KOSEF 차이나A50커넥트인버스MSCI(합성 H),9400,3,0,0.0,9494.0,0.0,0,0,61
461490,7,KBSTAR 글로벌자산배분액티브,10110,5,-15,-0.15,10126.0,,1,0,61
314700,2,HANARO 농업융복합산업,11005,5,-60,-0.54,11022.0,-5.3465,1134,12,61
322410,2,HANARO 고배당,10990,5,-10,-0.09,11023.0,0.5944,195,2,60
227550,2,TIGER 200 산업재,6715,2,50,0.75,6731.0,5.7097,236,1,60
147970,2,TIGER 모멘텀,25165,2,115,0.46,25281.0,7.603,1007,25,60
266390,2,KODEX 경기소비재,8615,5,-70,-0.81,8658.0,-5.9047,107,0,60
419650,4,ARIRANG 글로벌수소&차세대연료전지MV,6685,5,-85,-1.26,6706.0,-0.951,2574,17,60
333970,2,ARIRANG KS밸류가중TR,15005,5,-30,-0.2,15043.0,3.0853,105,1,60
381570,2,HANARO Fn친환경에너지,9930,5,-95,-0.95,9911.0,6.8193,367,3,60
277640,2,TIGER 코스피대형주,13220,5,-55,-0.41,13242.0,7.3421,3,0,59
251590,2,ARIRANG 고배당저변동50,10790,2,135,1.27,10823.0,-0.4671,126,1,59
391670,1,HK 베스트일레븐액티브,8465,5,-20,-0.24,8486.0,12.7574,12,0,59
105010,4,TIGER 라틴35,4230,5,-60,-1.4,4235.0,12.1861,1112,4,59
226380,2,ACE Fn성장소비주도주,5915,2,10,0.17,5934.0,-5.8214,21,0,59
437550,7,히어로즈 글로벌리츠이지스액티브,9055,3,0,0.0,9142.0,0.0552,0,0,59
429990,7,SOL 한국형글로벌플랫폼&메타버스액티브,11275,5,-90,-0.79,11414.0,12.2469,392,4,59
281990,2,KBSTAR 중소형고배당,11705,2,45,0.39,11712.0,8.921,322,3,59
447430,2,ACE 주주환원가치주액티브,10455,5,-35,-0.33,10465.0,2.8935,23,0,58
436180,2,ARIRANG K-유니콘투자기업액티브,9565,2,10,0.1,9606.0,-2.0503,105,1,57
244670,2,KODEX 밸류Plus,8145,5,-40,-0.49,8229.0,-0.4258,2,0,57
278620,6,ARIRANG 단기채권액티브,109240,2,10,0.01,109241.0,0.5338,624,68,57
407160,2,MASTER 테크미디어텔레콤액티브,8730,5,-70,-0.8,8727.0,9.5208,144,1,57
295020,6,KBSTAR 국채선물10년인버스,55460,2,340,0.62,55492.0,3.6772,1,0,57
373530,4,ARIRANG 신흥국MSCI인버스(합성 H),10865,3,0,0.0,11032.0,-6.1745,0,0,56
419170,4,HANARO 미국메타버스iSelect,11250,2,45,0.4,11392.0,20.5486,46,0,56
285000,2,KBSTAR 200IT,14690,5,-50,-0.34,14731.0,9.9179,3,0,56
299070,6,ACE 국채선물10년인버스,111650,3,0,0.0,112291.0,4.0492,0,0,56
433980,7,KODEX TDF2040액티브,11150,5,-35,-0.31,11154.0,2.0063,480,5,56
261140,2,TIGER 우선주,11595,5,-20,-0.17,11621.0,-1.191,562,6,56
285010,2,KBSTAR 200중공업,12615,2,50,0.4,12624.0,26.0913,8686,109,56
333940,2,ARIRANG KS로우볼가중TR,12190,5,-5,-0.04,12221.0,1.7946,105,1,55
205720,4,ACE 일본TOPIX인버스(합성 H),3225,2,35,1.1,3234.0,-13.0791,5957,19,55
256450,4,ARIRANG 심천차이넥스트(합성),9125,3,0,0.0,9241.0,-11.3648,0,0,55
440910,4,WOORI 미국S&P우주항공&디펜스,10935,2,60,0.55,10975.0,5.0217,214,2,55
444490,4,WOORI 미국S&P500,10875,5,-70,-0.64,11015.0,7.1988,1403,15,54
442570,7,KBSTAR TDF2050액티브,10770,5,-60,-0.55,10843.0,3.5868,1319,14,54
139290,2,TIGER 200 경기소비재,14945,5,-255,-1.68,14946.0,0.1317,805,12,54
442560,7,KBSTAR TDF2040액티브,10760,2,30,0.28,10784.0,2.7777,725,7,54
299080,6,ACE 국채선물3년인버스,107560,3,0,0.0,107697.0,2.0977,0,0,54
261920,4,ACE 필리핀MSCI(합성),13395,2,105,0.79,13313.0,-2.8154,40,0,54
238670,7,ARIRANG 스마트베타Quality채권혼합,10685,5,-10,-0.09,10706.0,0.5641,103,1,53
315270,2,TIGER 200커뮤니케이션서비스,17775,5,-260,-1.44,17740.0,-1.6524,192,3,53
442550,7,KBSTAR TDF2030액티브,10640,2,40,0.38,10654.0,1.8251,641,6,53
252650,1,KODEX 200동일가중,10605,3,0,0.0,10642.0,2.9611,4,0,53
394340,4,KOSEF 릭소글로벌디지털경제MSCI,8730,2,10,0.11,8777.0,10.9414,99,0,52
174350,2,TIGER 로우볼,10460,5,-60,-0.57,10501.0,-2.5385,174,1,52
284990,2,KBSTAR 200에너지화학,10890,2,5,0.05,10890.0,2.7856,639,6,52
140580,2,KBSTAR 우량업종,10360,5,-70,-0.67,10420.0,3.6264,3,0,52
375270,7,KBSTAR 글로벌데이터센터리츠나스닥(합성),10250,2,40,0.39,10270.0,-2.4833,162,1,51
295000,6,KBSTAR 국채선물10년,50000,5,-265,-0.53,49995.0,-2.4833,7,0,51
334690,5,KBSTAR 팔라듐선물(H),6775,5,-100,-1.45,6760.0,-16.0562,1695,11,51
157500,2,TIGER 증권,3890,5,-35,-0.89,3907.0,5.087,41314,160,51
275300,2,KODEX MSCI퀄리티,8415,2,15,0.18,8386.0,4.7381,5,0,50
371870,4,ACE 차이나항셍테크,6275,5,-25,-0.4,6318.0,11.3074,793,4,50
432850,4,HANARO 글로벌백신치료제MSCI,10040,3,0,0.0,10003.0,-6.7868,0,0,50
215620,2,HK S&P코리아로우볼,11135,5,-85,-0.76,11232.0,-2.3074,2,0,50
333980,2,ARIRANG KS퀄리티가중TR,14310,5,-35,-0.24,14348.0,6.8528,105,1,50
291890,4,KODEX MSCI EM선물(H),8340,2,75,0.91,8200.0,7.1289,23,0,50
428510,4,KODEX 차이나메타버스액티브,10005,3,0,0.0,10132.0,6.4361,2,0,50
368200,2,KBSTAR Fn K-뉴딜디지털플러스,9975,5,-125,-1.24,9969.0,7.8483,25,0,50
397420,6,KBSTAR 국채선물5년추종,47990,5,-10,-0.02,47911.0,-1.2143,1,0,49
298340,6,ARIRANG 국채선물3년,52970,3,0,0.0,52951.0,-0.5539,0,0,49
285020,2,KBSTAR 200철강소재,10110,5,-55,-0.54,10127.0,17.1757,18636,188,49
295820,1,ARIRANG 200동일가중,9690,2,25,0.26,9719.0,2.0591,105,1,48
442580,4,ARIRANG 글로벌D램반도체iSelect,13685,5,-55,-0.4,13776.0,19.2708,1406,19,48
243890,2,TIGER 200에너지화학레버리지,11775,5,-85,-0.72,11725.0,4.5394,1437,16,47
306530,3,HANARO 코스닥150선물레버리지,13700,5,-330,-2.35,13694.0,38.7734,104,1,47
321410,7,KODEX 멀티에셋하이인컴(H),9270,5,-85,-0.91,9300.0,1.9063,2,0,46
391680,1,HK 하이볼액티브,8415,5,-75,-0.88,8430.0,8.2908,2,0,46
307520,2,TIGER 지주회사,9245,2,255,2.84,9224.0,-2.8109,19584,178,46
292340,3,마이티 200커버드콜ATM레버리지,7655,3,0,0.0,7670.0,7.5895,0,0,46
429870,7,히어로즈 리츠이지스액티브,7065,5,-35,-0.49,7087.0,2.6456,4,0,46
306520,3,HANARO 200선물인버스,10170,2,60,0.59,10165.0,-6.8203,11,0,46
220130,4,SOL 차이나강소기업CSI500(합성 H),4790,5,-10,-0.21,4824.0,-4.0,784,3,43
275750,3,KBSTAR 코스닥150선물인버스,3590,2,30,0.84,3594.0,-17.3055,16643,59,43
407300,2,HANARO Fn골프테마,6510,5,-45,-0.69,6578.0,4.5454,12,0,42
244660,2,KODEX 퀄리티Plus,8130,2,10,0.12,8137.0,-0.7942,22,0,41
291620,3,KOSEF 코스닥150선물인버스,6215,2,45,0.73,6235.0,-17.3477,1298,8,40
429740,7,ARIRANG K리츠Fn,7050,5,-10,-0.14,7056.0,1.3494,479,3,39
301400,1,ARIRANG 코스닥150,15425,5,-220,-1.41,15526.0,18.7025,35,0,39
427110,2,KBSTAR Fn창업투자회사,5840,5,-5,-0.09,5904.0,-7.589,94,0,39
407170,2,MASTER 스마트커머스액티브,6995,5,-5,-0.07,7004.0,-5.6604,130,0,38
098560,2,TIGER 방송통신,6750,5,-65,-0.95,6765.0,-6.6183,177,1,38
301410,3,ARIRANG 코스닥150선물인버스,5375,2,60,1.13,5401.0,-17.6608,3814,20,38
427120,2,KBSTAR Fn플랫폼테마,7065,5,-80,-1.12,7050.0,4.0786,7208,51,37
261060,2,TIGER 코스닥150IT,16285,5,-185,-1.12,16266.0,17.8533,1768,28,36
253240,3,KOSEF 200선물인버스,5685,2,30,0.53,5685.0,-6.837,297,1,36
415920,5,ARIRANG 글로벌희토류전략자원기업MV,7935,5,-80,-1.0,7890.0,-0.1247,254,2,36
227560,2,TIGER 200 생활소비재,7670,2,65,0.85,7675.0,-8.7583,823,6,35
139310,5,TIGER 금속선물(H),5855,5,-95,-1.6,5863.0,-3.4091,223,1,35
284980,2,KBSTAR 200금융,8100,5,-35,-0.43,8144.0,4.3617,207,1,34
280920,2,ARIRANG 주도업종,9395,5,-25,-0.27,9388.0,6.9846,108,1,33
438210,4,ARIRANG 글로벌인공지능산업MV,10925,2,30,0.28,10940.0,16.2133,2113,23,33
145670,3,ACE 인버스,5435,2,30,0.56,5436.0,-6.73,4349,23,33
442320,4,KBSTAR 글로벌원자력iSelect,10850,2,45,0.42,11057.0,11.3917,633,6,33
426330,4,KOSEF 미국ETF산업STOXX,10805,5,-20,-0.18,10863.0,8.7065,14,0,32
287310,2,KBSTAR 200경기소비재,9425,5,-135,-1.41,9402.0,0.3674,3,0,30
391590,4,ACE 미국스팩&IPO INDXX,5965,5,-65,-1.08,5961.0,10.2376,9,0,30
291680,4,KBSTAR 차이나H선물인버스(H),11825,2,50,0.42,11838.0,-5.1551,2217,26,30
267500,6,KBSTAR 미국장기국채선물인버스2X(합성 H),9400,3,0,0.0,9621.0,9.9415,0,0,28
280940,5,KODEX 골드선물인버스(H),6970,2,40,0.58,6995.0,4.054,491,3,28
334700,5,KBSTAR 팔라듐선물인버스(H),5505,2,65,1.19,5573.0,11.9341,47,0,28
266550,2,ARIRANG 중형주저변동50,10845,2,170,1.59,10886.0,4.1463,105,1,27
309210,2,ARIRANG KRX300헬스케어,8310,5,-50,-0.6,8309.0,-1.0066,275,2,27
412560,2,TIGER KRX BBIG K-뉴딜레버리지,2955,5,-40,-1.34,2938.0,-0.1667,4787,14,27
251890,1,ACE 코스닥(합성),13265,5,-95,-0.71,13256.0,11.2869,2,0,27
426410,4,ARIRANG 미국대체투자Top10MV,12455,2,70,0.57,12516.0,10.4817,217,2,25
433880,7,ARIRANG TDF2060액티브,11210,2,10,0.09,11210.0,3.2258,33,0,24
287300,2,KBSTAR 200건설,14455,2,80,0.56,14462.0,11.0896,81,1,23
433860,7,ARIRANG TDF2040액티브,10545,5,-30,-0.28,10657.0,0.4273,203,2,22
252730,2,KBSTAR 모멘텀로우볼,14125,5,-85,-0.6,14142.0,5.5328,3,0,21
252720,2,KBSTAR 모멘텀밸류,14105,5,-115,-0.81,14155.0,8.178,3,0,21
433850,7,ARIRANG TDF2030액티브,10550,5,-5,-0.05,10549.0,1.2955,338,3,21
267450,6,KBSTAR 미국장기국채선물인버스(H),10070,3,0,0.0,10189.0,5.7217,0,0,20
278420,2,ARIRANG ESG우수기업,7880,5,-5,-0.06,7902.0,-0.5048,119,0,20
433870,7,ARIRANG TDF2050액티브,10810,5,-35,-0.32,10922.0,2.9425,100,1,19
315480,2,KBSTAR 200커뮤니케이션서비스,11180,5,-100,-0.89,11109.0,-1.9557,105,1,13
287330,2,KBSTAR 200생활소비재,5795,2,65,1.13,5805.0,-9.0477,704,4,13
287320,2,KBSTAR 200산업재,12390,5,-60,-0.48,12575.0,5.2409,11,0,12
301440,2,ARIRANG 코스피중형주,10685,5,-60,-0.56,10776.0,5.4982,2,0,11
