종목명,현재가,전일비,등락률,매수호가,매도호가,거래량,거래대금,전일거래량,조회일자,종목명_전처리,종목코드_x,매출액,영업이익,당기순이익,영업이익률,순이익률,ROE(지배주주),부채비율,당좌비율,유보율,EPS(원),PER(배),BPS(원),PBR(배),주당배당금(원),시가배당률(%),배당성향(%),시가총액,시가총액순위,상장주식수,액면가l매매단위,외국인한도주식수(A),외국인보유주식수(B),외국인소진율(B/A),투자의견l목표주가,52주최고l최저,PERlEPS(2023.03),추정PERlEPS,PBRlBPS (2023.03),배당수익률,동일업종 PER,동일업종 등락률,종목코드_y,배당수익률l2022.12,PERlEPS(2022.12),PBRlBPS (2022.12),PERlEPS(2023.06),PBRlBPS (2023.06),PERlEPS(2023.05),PBRlBPS (2023.05),배당수익률l2022.11
지놈앤컴퍼니 *,16140.0,2440.0,+17.81%,16440.0,16500.0,917537.0,14801.0,16343.0,23-08-21,지놈앤컴퍼니,314130,,,,,,,,,,,,,,,,,"2,292  억원",코스닥 369위,14102521,500원  l  1주,14102521,104176,0.74%,N/A  l  N/A,"32,500  l  12,590","N/A  l  -3,483원",N/A  l  N/A,"2.91배  l  5,584원",,88.07배,-0.14%,314130,,,,,,,,
이수앱지스 *,7560.0,750.0,+11.01%,7290.0,7300.0,679560.0,5004.0,272086.0,23-08-21,이수앱지스,086890,171.0,16.0,-5.0,9.36,-2.92,,,,,-15.0,-433.37,,,,,,"2,485  억원",코스닥 335위,33182668,500원  l  1주,33182668,557515,1.68%,N/A  l  N/A,"8,220  l  4,950",N/A  l  -198원,N/A  l  N/A,"4.16배  l  1,800원",,88.07배,-0.14%,086890,,,,,,,,
카이노스메드 *,4210.0,390.0,+10.21%,4235.0,4245.0,615228.0,2635.0,43792.0,23-08-21,카이노스메드,284620,,,,,,,,,,,,,,,,,"1,171  억원",코스닥 732위,27922396,500원  l  1주,27922396,951792,3.41%,N/A  l  N/A,"7,500  l  3,020",N/A  l  -592원,N/A  l  N/A,5.06배  l  829원,,88.07배,-0.14%,284620,,,,,,,,
대봉엘에스 *,11460.0,950.0,+9.04%,11540.0,11590.0,510039.0,5689.0,376893.0,23-08-21,대봉엘에스,078140,,,,,,,,,,,,,,,,,"1,273  억원",코스닥 672위,11086579,500원  l  1주,11086579,203700,1.84%,N/A  l  N/A,"14,950  l  6,910",16.01배  l  717원,N/A  l  N/A,"1.06배  l  10,797원",,88.07배,-0.21%,078140,0.44%,,,,,,,
샤페론 *,4520.0,355.0,+8.52%,4510.0,4520.0,848817.0,3778.0,416766.0,23-08-21,샤페론,378800,,,,,,,,,,,,,,,,,"1,042  억원",코스닥 805위,23071031,500원  l  1주,23071031,86998,0.38%,N/A  l  N/A,"11,600  l  3,740",,N/A  l  N/A,,,88.07배,-0.14%,378800,,N/A  l  -532원,"3.64배  l  1,239원",,,,,
비엘헬스케어,2095.0,135.0,+6.89%,1935.0,2070.0,1.0,2.0,102.0,23-08-21,비엘헬스케어,086220,,,,,,,,,,,,,,,,,478  억원,코스닥 1335위,15000000,500원  l  1주,15000000,200833,1.34%,N/A  l  N/A,"6,750  l  2,825",N/A  l  -301원,N/A  l  N/A,"0.92배  l  3,452원",,88.07배,-0.14%,114450,,,,,,,,
플럼라인생명과학,7770.0,490.0,+6.73%,7680.0,7790.0,921.0,6868.0,128.0,23-08-21,플럼라인생명과학,222670,1611.0,190.0,,11.79,,,,,,,,,,,,,"3,349  억원",코스피 446위,11569113,500원  l  1주,11569113,1048603,9.06%,"4.00매수  l  40,000","35,900  l  26,000","12.61배  l  2,296원",N/A  l  N/A,"0.75배  l  38,379원",,88.07배,-0.21%,008490,1.38%,,,,,,,
그린생명과학 *,3200.0,180.0,+5.96%,3215.0,3235.0,55378.0,178.0,14624.0,23-08-21,그린생명과학,114450,,,,,,,,,,,,,,,,,979  억원,코스피 865위,15846788,500원  l  1주,15846788,538183,3.40%,N/A  l  N/A,"8,600  l  5,280",7.15배  l  864원,N/A  l  N/A,"0.46배  l  13,445원",,88.07배,-0.14%,004720,,,,,,,,
서흥,29000.0,1600.0,+5.84%,28750.0,28800.0,29989.0,848.0,10056.0,23-08-21,서흥,008490,,,,,,,,,,,,,,,,,"1,627  억원",코스닥 536위,26676162,500원  l  1주,26676162,0,0.00%,N/A  l  N/A,"7,730  l  4,100",,N/A  l  N/A,,,88.07배,-0.14%,261780,,,,N/A  l  -174원,"5.01배  l  1,217원",,,
팜젠사이언스,6210.0,320.0,+5.43%,6180.0,6190.0,136908.0,843.0,114954.0,23-08-21,팜젠사이언스,004720,,,,,,,,,,,,,,,,,"3,494  억원",코스닥 218위,49069269,100원  l  1주,49069269,397532,0.81%,N/A  l  N/A,"11,150  l  5,180",28.59배  l  249원,N/A  l  N/A,"3.63배  l  1,962원",,88.07배,-0.14%,307750,,,,,,,,
차백신연구소 *,6090.0,300.0,+5.18%,6180.0,6190.0,9283266.0,57857.0,8942782.0,23-08-21,차백신연구소,261780,,,,,,,,,,,,,,,,,"1,563  억원",코스닥 562위,19374181,500원  l  1주,19374181,113004,0.58%,N/A  l  N/A,"12,500  l  5,890","N/A  l  -1,388원",N/A  l  N/A,24.09배  l  335원,,88.07배,-0.21%,203400,,,,,,,,
국전약품 *,7120.0,330.0,+4.86%,7140.0,7150.0,1874828.0,13520.0,492731.0,23-08-21,국전약품,307750,,,,,,,,,,,,,,,,,"1,337  억원",코스닥 641위,66532826,500원  l  1주,66532826,1240681,1.86%,N/A  l  N/A,"3,270  l  1,840",N/A  l  -105원,N/A  l  N/A,"0.76배  l  2,658원",,88.07배,-0.14%,061250,,,,,,,,
에이비온 *,8120.0,350.0,+4.50%,8100.0,8120.0,42766.0,342.0,53210.0,23-08-21,에이비온,203400,2330.0,90.0,,3.86,,,,,,,,,,,,,"2,730  억원",코스피 512위,5009861,"2,500원  l  1주",5009861,224729,4.49%,"4.00매수  l  63,000","62,500  l  45,400",,N/A  l  N/A,,,88.07배,-0.14%,001630,2.57%,,,"11.06배  l  4,927원","0.49배  l  112,330원",,,
바스칸바이오제약,6770.0,280.0,+4.31%,5910.0,6000.0,1.0,6.0,6.0,23-08-21,바스칸바이오제약,354390,,,,,,,,,,,,,,,,,756  억원,코스닥 1046위,15170500,500원  l  1주,15170500,113544,0.75%,N/A  l  N/A,"5,960  l  3,860",16.13배  l  309원,N/A  l  N/A,"1.27배  l  3,934원",,88.07배,-0.14%,002800,1.00%,,,,,,,
화일약품 *,1997.0,82.0,+4.28%,2000.0,2005.0,523770.0,1046.0,205935.0,23-08-21,화일약품,061250,,,,,,,,,,,,,,,,,787  억원,코스닥 1015위,5392115,500원  l  1주,5392115,10915,0.20%,N/A  l  N/A,"29,350  l  13,660",N/A  l  -141원,N/A  l  N/A,"0.72배  l  20,219원",,88.07배,-0.14%,239610,,,,,,,,
종근당홀딩스,54500.0,1900.0,+3.61%,54300.0,54400.0,5335.0,287.0,5112.0,23-08-21,종근당홀딩스,001630,,,,,,,,,,,,,,,,,"1,552  억원",코스닥 566위,48427177,500원  l  1주,48427177,649696,1.34%,N/A  l  N/A,"4,211  l  2,625",145.68배  l  22원,N/A  l  N/A,"2.76배  l  1,163원",,88.07배,-0.21%,067290,,,,,,,,
신신제약 *,5010.0,170.0,+3.51%,4975.0,4985.0,40593.0,199.0,37735.0,23-08-21,신신제약,002800,,,,,,,,,,,,,,,,,990  억원,코스닥 838위,15327021,500원  l  1주,15327021,180744,1.18%,N/A  l  N/A,"7,800  l  4,965",,N/A  l  N/A,,,88.07배,-0.21%,260660,2.01%,,,9.95배  l  649원,"1.03배  l  6,255원",,,
에이치엘사이언스 *,14600.0,480.0,+3.40%,14490.0,14600.0,5125.0,74.0,7013.0,23-08-21,에이치엘사이언스,239610,767.0,73.0,,9.52,,,,,,357.0,29.22,,,,,,"2,009  억원",코스닥 434위,18754848,500원  l  1주,18754848,436789,2.33%,"4.00매수  l  16,000","17,050  l  7,470",,N/A  l  N/A,,,88.07배,-0.14%,194700,1.40%,,,11.65배  l  919원,"1.00배  l  10,675원",,,
JW신약 *,3220.0,105.0,+3.37%,3195.0,3200.0,792047.0,2537.0,318166.0,23-08-21,JW신약,067290,602.0,45.0,39.0,7.45,6.53,,,,,,,,,,,,"1조  5,404  억원",코스닥 29위,18808775,500원  l  1주,18808775,453177,2.41%,"4.00매수  l  118,800","101,200  l  69,400","77.48배  l  1,057원","64.00배  l  1,278원","4.61배  l  17,751원",,88.07배,-0.14%,237690,0.61%,,,,,,,
알리코제약 *,6470.0,200.0,+3.19%,6440.0,6450.0,2474170.0,17191.0,26113.0,23-08-21,알리코제약,260660,,,,,,,,,,,,,,,,,638  억원,코스피 1032위,2200000,500원  l  1주,2200000,2446,0.11%,N/A  l  N/A,"71,000  l  21,900",N/A  l  -672원,N/A  l  N/A,"4.60배  l  6,310원",,88.07배,-0.14%,019175,,,,,,,,
노바렉스 *,10760.0,320.0,+3.07%,10720.0,10740.0,552005.0,5900.0,599912.0,23-08-21,노바렉스,194700,3427.0,351.0,232.0,10.23,6.78,,,,,,,,,,,,"1조  2,444  억원",코스피 195위,11586575,"2,500원  l  1주",11586575,1085828,9.37%,"4.00매수  l  160,000","179,000  l  88,300","28.26배  l  3,800원","14.00배  l  7,933원","1.86배  l  57,795원",,88.07배,-0.14%,069620,0.56%,,,,,,,
에스티팜 *,81900.0,2400.0,+3.02%,81900.0,82000.0,102436.0,8381.0,59488.0,23-08-21,에스티팜,237690,,,,,,,,,,,,,,,,,"1,874  억원",코스닥 458위,8405556,500원  l  1주,8405556,35915,0.43%,N/A  l  N/A,"26,150  l  8,440",,N/A  l  N/A,,,88.07배,-0.14%,389470,,"N/A  l  -1,457원","6.86배  l  3,252원",,,,,
신풍제약우,29000.0,800.0,+2.84%,28950.0,29000.0,2957.0,84.0,3217.0,23-08-21,신풍제약우,019175,,,,,,,,,,,,,,,,,"3,552  억원",코스닥 210위,24181020,500원  l  1주,24181020,1010801,4.18%,N/A  l  N/A,"14,310  l  5,930",N/A  l  -71원,N/A  l  N/A,"3.72배  l  3,944원",,88.07배,-0.14%,060590,,,,,,,,
대웅제약,107400.0,2900.0,+2.78%,107200.0,107300.0,28998.0,3109.0,30587.0,23-08-21,대웅제약,069620,,,,,,,,,,,,,,,,,301  억원,코스닥 1532위,57163194,500원  l  1주,57163194,744713,1.30%,N/A  l  N/A,"3,080  l  510",N/A  l  -855원,N/A  l  N/A,"0.37배  l  1,417원",,88.07배,-0.14%,072520,,,,,,,,
인벤티지랩 *,22300.0,600.0,+2.76%,22650.0,22700.0,1200288.0,26940.0,1064792.0,23-08-21,인벤티지랩,389470,,,,,,,,,,,,,,,,,767  억원,코스닥 1040위,11000000,500원  l  1주,11000000,139691,1.27%,N/A  l  N/A,"8,860  l  5,870","6.06배  l  1,151원",N/A  l  N/A,"0.87배  l  8,022원",,88.07배,-0.14%,014570,2.58%,,,,,,,
씨티씨바이오 *,14700.0,390.0,+2.73%,14990.0,15000.0,6656248.0,97522.0,9670210.0,23-08-21,씨티씨바이오,060590,,,,,,,,,,,,,,,,,"1,812  억원",코스피 648위,23906860,500원  l  1주,23906860,541951,2.27%,N/A  l  N/A,"10,950  l  4,875",,N/A  l  N/A,,,88.07배,-0.14%,214390,0.66%,,,109.86배  l  69원,"1.28배  l  5,942원",,,
제넨바이오 *,527.0,13.0,+2.53%,528.0,530.0,178576.0,94.0,245497.0,23-08-21,제넨바이오,072520,,,,,,,,,,,,,,,,,231  억원,코스피 1350위,845990,500원  l  1주,845990,473,0.06%,N/A  l  N/A,"54,200  l  26,350",148.10배  l  184원,N/A  l  N/A,"1.23배  l  22,185원",,88.07배,-0.14%,005257,1.10%,,,,,,,
퓨쳐메디신,8200.0,200.0,+2.50%,8100.0,8200.0,11738.0,91767.0,8163.0,23-08-21,퓨쳐메디신,341170,,,,,,,,,,,,,,,,,"2조  4,625  억원",코스피 119위,69956940,500원  l  1주,69956940,1535099,2.19%,N/A  l  N/A,"47,750  l  28,518",,N/A  l  N/A,,,88.07배,-0.08%,008930,0.56%,,,"28.00배  l  1,257원","3.14배  l  11,209원",,,
고려제약 *,6990.0,170.0,+2.49%,6810.0,6830.0,211481.0,1438.0,2752782.0,23-08-21,고려제약,014570,,,,,,,,,,,,,,,,,436  억원,코스닥 1383위,34091942,500원  l  1주,34091942,484310,1.42%,N/A  l  N/A,"2,180  l  1,090",N/A  l  -579원,N/A  l  N/A,1.56배  l  818원,,88.07배,-0.21%,044480,,,,,,,,
경보제약,7540.0,180.0,+2.45%,7530.0,7550.0,48931.0,365.0,30165.0,23-08-21,경보제약,214390,,,,,,,,,,,,,,,,,414  억원,코스닥 1414위,7903728,500원  l  1주,7903728,28942,0.37%,N/A  l  N/A,"9,100  l  4,350",N/A  l  -58원,N/A  l  N/A,"0.81배  l  6,443원",,88.07배,-0.21%,080720,,,,,,,,
녹십자홀딩스2우,27250.0,600.0,+2.25%,27000.0,27200.0,151.0,4.0,93.0,23-08-21,녹십자홀딩스2우,005257,,,,,,,,,,,,,,,,,594  억원,코스닥 1210위,12256040,500원  l  1주,12256040,493436,4.03%,N/A  l  N/A,"15,874  l  4,715","N/A  l  -1,721원",N/A  l  N/A,"3.03배  l  1,602원",,88.07배,-0.14%,298060,,,,,,,,
한미사이언스,35300.0,750.0,+2.17%,35150.0,35200.0,214125.0,7599.0,288916.0,23-08-21,한미사이언스,008930,,,,,,,,,,,,,,,,,"1,465  억원",코스닥 597위,18616650,500원  l  1주,18616650,370902,1.99%,N/A  l  N/A,"13,350  l  6,650",,N/A  l  N/A,,,88.07배,-0.14%,067080,1.91%,,,95.98배  l  82원,"1.78배  l  4,411원",,,
블레이드 Ent *,1286.0,27.0,+2.14%,1278.0,1280.0,51778.0,66.0,41378.0,23-08-21,블레이드 Ent,044480,,,,,,,,,,,,,,,,,"9,243  억원",코스닥 67위,101800530,500원  l  1주,101800530,4367013,4.29%,N/A  l  N/A,"17,304  l  8,680",N/A  l  -299원,N/A  l  N/A,"3.72배  l  2,442원",,88.07배,-0.14%,067630,,,,,,,,
한국유니온제약 *,5240.0,110.0,+2.14%,5230.0,5240.0,23810.0,123.0,15810.0,23-08-21,한국유니온제약,080720,4367.0,215.0,176.0,4.92,4.04,,,,,1622.0,68.21,,,,,,"1조  3,825  억원",코스피 180위,11686538,"5,000원  l  1주",11686538,2150275,18.40%,"4.00매수  l  152,778","166,500  l  103,100","37.76배  l  3,133원","48.00배  l  2,474원","1.05배  l  113,094원",,88.07배,-0.14%,006280,1.48%,,,,,,,
에스씨엠생명과학 *,4855.0,100.0,+2.10%,4840.0,4865.0,33310.0,160.0,21744.0,23-08-21,에스씨엠생명과학,298060,,,,,,,,,,,,,,,,,"3조  9,195  억원",코스닥 7위,128929651,500원  l  1주,128929651,16186203,12.55%,N/A  l  N/A,"51,574  l  25,991",,N/A  l  N/A,,,88.07배,-0.14%,028300,,,,N/A  l  -944원,"6.21배  l  4,893원",,,
대화제약 *,7870.0,160.0,+2.08%,7880.0,7920.0,29905.0,235.0,33450.0,23-08-21,대화제약,067080,,,,,,,,,,,,,,,,,956  억원,코스닥 858위,31448597,500원  l  1주,31448597,145301,0.46%,N/A  l  N/A,"6,800  l  2,405",N/A  l  -656원,N/A  l  N/A,5.29배  l  575원,,88.07배,-0.14%,142760,,,,,,,,
HLB생명과학 *,9070.0,170.0,+1.91%,9080.0,9100.0,440611.0,4049.0,359965.0,23-08-21,HLB생명과학,067630,,,,,,,,,,,,,,,,,"1,326  억원",코스피 760위,32000000,500원  l  1주,32000000,959642,3.00%,N/A  l  N/A,"5,820  l  3,630",,N/A  l  N/A,,,88.07배,-0.21%,004310,,,,,,125.61배  l  33원,"1.28배  l  3,245원",0.72%
녹십자,118300.0,2200.0,+1.89%,118700.0,118800.0,24722.0,2934.0,30238.0,23-08-21,녹십자,006280,,,,,,,,,,,,,,,,,"1,184  억원",코스피 804위,11540400,"1,000원  l  1주",11540400,126567,1.10%,N/A  l  N/A,"41,700  l  8,200",,N/A  l  N/A,,,88.07배,-0.14%,000230,0.98%,,,"N/A  l  -7,127원",57.00배  l  180원,,,
HLB *,30400.0,500.0,+1.67%,30350.0,30400.0,839596.0,25682.0,859384.0,23-08-21,HLB,028300,393.0,106.0,98.0,26.97,24.81,,,,,887.0,44.71,,,,,,"4,401  억원",코스닥 165위,10935294,500원  l  1주,10935294,827865,7.57%,"4.00매수  l  61,000","44,500  l  17,850",,N/A  l  N/A,,,88.07배,-0.14%,200670,1.24%,,,"21.86배  l  1,841원","2.30배  l  17,538원",,,
비엘 *,3040.0,50.0,+1.67%,3050.0,3065.0,146053.0,451.0,167753.0,23-08-21,비엘,142760,,,,,,,,,,,,,,,,,360  억원,코스닥 1473위,8610587,500원  l  1주,8610587,228341,2.65%,N/A  l  N/A,"5,430  l  3,650",19.53배  l  214원,N/A  l  N/A,"0.78배  l  5,393원",,88.07배,-0.21%,086060,,,,,,,,
현대약품,4150.0,65.0,+1.59%,4130.0,4135.0,56767.0,234.0,70991.0,23-08-21,현대약품,004310,,,,,,,,,,,,,,,,,"6,575  억원",코스피 281위,47028210,500원  l  1주,47028210,2715675,5.77%,N/A  l  N/A,"19,600  l  12,920",75.98배  l  184원,N/A  l  N/A,"0.63배  l  22,185원",,88.07배,-0.14%,005250,2.15%,,,,,,,
일동홀딩스,10300.0,160.0,+1.58%,10280.0,10290.0,88683.0,921.0,81192.0,23-08-21,일동홀딩스,000230,,,,,,,,,,,,,,,,,"2,957  억원",코스피 493위,18586811,500원  l  1주,18586811,188182,1.01%,N/A  l  N/A,"26,250  l  14,660",39.00배  l  408원,N/A  l  N/A,"1.18배  l  13,533원",,88.07배,-0.21%,102460,0.94%,,,,,,,
휴메딕스 *,40250.0,600.0,+1.51%,40500.0,40550.0,85550.0,3415.0,84372.0,23-08-21,휴메딕스,200670,,,,,,,,,,,,,,,,,555  억원,코스닥 1256위,8180000,500원  l  1주,8180000,105645,1.29%,N/A  l  N/A,"11,800  l  5,500",88.18배  l  77원,N/A  l  N/A,"1.06배  l  6,400원",,88.07배,-0.21%,238200,,,,,,,,
진바이오텍 *,4180.0,60.0,+1.46%,4185.0,4190.0,49636.0,207.0,69429.0,23-08-21,진바이오텍,086060,,,,,,,,,,,,,,,,,"3,748  억원",코스닥 196위,29604102,500원  l  1주,29604102,167704,0.57%,N/A  l  N/A,"27,500  l  10,000",N/A  l  -280원,N/A  l  N/A,"4.04배  l  3,132원",,88.07배,-0.14%,047920,,,,,,,,
녹십자홀딩스,13970.0,200.0,+1.45%,13990.0,14000.0,46737.0,654.0,50991.0,23-08-21,녹십자홀딩스,005250,,,,,,,,,,,,,,,,,"5,427  억원",코스피 320위,8614708,"5,000원  l  1주",8614708,1855039,21.53%,"4.00매수  l  73,571","73,700  l  46,208","27.83배  l  2,264원","19.00배  l  3,246원","0.80배  l  78,795원",,88.07배,-0.14%,170900,1.09%,,,,,,,
이연제약,15920.0,220.0,+1.40%,15930.0,15940.0,17146.0,272.0,39170.0,23-08-21,이연제약,102460,,,,,,,,,,,,,,,,,885  억원,코스닥 929위,12406056,500원  l  1주,12406056,170457,1.37%,"4.00매수  l  20,300","19,600  l  6,930","N/A  l  -2,217원",N/A  l  N/A,"3.73배  l  1,913원",,88.07배,-0.14%,115180,,,,,,,,
비피도 *,6790.0,90.0,+1.34%,6800.0,6850.0,13596.0,93.0,9438.0,23-08-21,비피도,238200,,,,,,,,,,,,,,,,,"3,588  억원",코스닥 212위,64185876,100원  l  1주,64185876,2950538,4.60%,N/A  l  N/A,"7,656  l  5,100",N/A  l  -103원,N/A  l  N/A,6.53배  l  856원,,88.07배,-0.21%,041960,,,,,,,,
HLB제약 *,12670.0,160.0,+1.28%,12640.0,12710.0,131285.0,1672.0,206428.0,23-08-21,HLB제약,047920,,,,,,,,,,,,,,,,,730  억원,코스닥 1073위,54802263,100원  l  1주,54802263,415766,0.76%,N/A  l  N/A,"1,725  l  1,085",19.59배  l  68원,N/A  l  N/A,1.96배  l  681원,,88.07배,-0.14%,359090,,,,,,,,
동아에스티,63200.0,800.0,+1.28%,63300.0,63400.0,31322.0,1976.0,71287.0,23-08-21,동아에스티,170900,5002.0,208.0,295.0,4.15,5.9,,,,,366.0,183.27,,,,,,725  억원,코스피 979위,1180940,"1,000원  l  1주",1180940,0,0.00%,"4.00매수  l  85,053","65,000  l  48,717","47.09배  l  1,304원","47.00배  l  1,320원","2.22배  l  27,596원",,88.07배,-0.14%,000105,0.67%,,,,,,,
큐리언트 *,7180.0,90.0,+1.27%,7200.0,7210.0,21130.0,152.0,42949.0,23-08-21,큐리언트,115180,788.0,-204.0,-230.0,-25.87,-29.13,,,,,-272.0,-354.48,,,,,,"6조  8,602  억원",코스피 52위,78313250,500원  l  1주,78313250,5805930,7.41%,"4.00매수  l  116,250","103,000  l  50,900","N/A  l  -1,361원",-154.00배  l  -568원,"21.69배  l  4,038원",,88.07배,-0.14%,326030,,,,,,,,
코미팜 *,5610.0,70.0,+1.26%,5600.0,5620.0,193866.0,1099.0,206089.0,23-08-21,코미팜,041960,871,42,-,4.82,,,,,,-15,-357.55,,,,,,"1,054  억원",코스닥 800위,20628000,500원  l  1주,20628000,315806,1.53%,"4.00매수  l  7,575","6,230  l  3,795",N/A  l  -759원,-55.00배  l  -93원,"2.47배  l  2,069원",,88.07배,-0.14%,222040,,,,,,,,
씨엔알리서치 *,1334.0,16.0,+1.21%,1332.0,1334.0,183503.0,245.0,183254.0,23-08-21,씨엔알리서치,359090,,,,,,,,,,,,,,,,,"1,442  억원",코스닥 607위,9731373,500원  l  1주,9731373,323303,3.32%,N/A  l  N/A,"26,300  l  13,130",,N/A  l  N/A,,,88.07배,-0.14%,065660,,,,N/A  l  -381원,"1.23배  l  12,052원",,,
유한양행우,61100.0,700.0,+1.16%,61300.0,61700.0,1575.0,96.0,1343.0,23-08-21,유한양행우,000105,,,,,,,,,,,,,,,,,845  억원,코스피 912위,21159832,"1,000원  l  1주",21159832,406733,1.92%,N/A  l  N/A,"6,704  l  3,590",,N/A  l  N/A,,,88.07배,-0.14%,002720,,23.78배  l  168원,"1.08배  l  3,697원",,,,,
SK바이오팜,87400.0,900.0,+1.04%,87600.0,87700.0,211529.0,18665.0,265782.0,23-08-21,SK바이오팜,326030,,,,,,,,,,,,,,,,,713  억원,코스닥 1093위,12000000,500원  l  1주,12000000,115341,0.96%,N/A  l  N/A,"7,120  l  5,320","5.34배  l  1,113원",N/A  l  N/A,"0.81배  l  7,306원",,88.07배,-0.14%,007370,2.53%,,,,,,,
코스맥스엔비티 *,5110.0,50.0,+0.99%,5100.0,5120.0,26825.0,137.0,103803.0,23-08-21,코스맥스엔비티,222040,,,,,,,,,,,,,,,,,934  억원,코스닥 884위,13192778,200원  l  1주,13192778,73533,0.56%,N/A  l  N/A,"10,650  l  5,960",,N/A  l  N/A,,,88.07배,-0.14%,330350,,,,58.03배  l  122원,"1.10배  l  6,452원",,,
안트로젠 *,14780.0,140.0,+0.96%,14860.0,14940.0,10610.0,158.0,14133.0,23-08-21,안트로젠,065660,,,,,,,,,,,,,,,,,"3,308  억원",코스피 449위,52420851,"1,000원  l  1주",52420851,9979814,19.04%,N/A  l  N/A,"7,490  l  5,370",10.80배  l  584원,N/A  l  N/A,"0.49배  l  12,850원",,88.07배,-0.14%,009290,1.59%,,,,,,,
국제약품,4005.0,35.0,+0.88%,4005.0,4010.0,75466.0,302.0,88720.0,23-08-21,국제약품,002720,,,,,,,,,,,,,,,,,"8,157  억원",코스피 251위,58141980,500원  l  1주,58141980,3044889,5.24%,N/A  l  N/A,"25,800  l  11,460","6.94배  l  2,022원",N/A  l  N/A,"0.69배  l  20,443원",,88.07배,-0.14%,003090,0.71%,,,,,,,
진양제약 *,5940.0,50.0,+0.85%,5910.0,5920.0,24240.0,143.0,26158.0,23-08-21,진양제약,007370,,,,,,,,,,,,,,,,,"1,228  억원",코스닥 699위,17752276,500원  l  1주,17752276,274332,1.55%,N/A  l  N/A,"10,100  l  5,910",14.69배  l  471원,N/A  l  N/A,"1.28배  l  5,389원",,88.07배,-0.14%,234690,1.45%,,,,,,,
위더스제약 *,7120.0,60.0,+0.85%,7090.0,7100.0,13300.0,95.0,53314.0,23-08-21,위더스제약,330350,,,,,,,,,,,,,,,,,379  억원,코스닥 1446위,3800000,500원  l  1주,3800000,161825,4.26%,N/A  l  N/A,"19,450  l  9,680",302.12배  l  33원,N/A  l  N/A,"0.98배  l  10,185원",,88.07배,-0.21%,036480,0.75%,,,,,,,
듀켐바이오,6080.0,50.0,+0.83%,6010.0,6060.0,2553.0,15499.0,413.0,23-08-21,듀켐바이오,176750,,,,,,,,,,,,,,,,,378  억원,코스닥 1448위,28889293,500원  l  1주,28889293,592524,2.05%,N/A  l  N/A,"2,305  l  1,249",654.00배  l  2원,N/A  l  N/A,"1.08배  l  1,208원",,88.07배,-0.21%,018620,,,,,,,,
광동제약,6310.0,50.0,+0.80%,6330.0,6340.0,63483.0,400.0,73444.0,23-08-21,광동제약,009290,,,,,,,,,,,,,,,,,"1,760  억원",코스닥 494위,10906701,500원  l  1주,10906701,63805,0.59%,N/A  l  N/A,"35,600  l  15,020",,N/A  l  N/A,,,88.07배,-0.08%,032300,0.31%,,,N/A  l  -278원,"2.99배  l  5,396원",,,
대웅,14030.0,110.0,+0.79%,14070.0,14090.0,66599.0,932.0,68863.0,23-08-21,대웅,003090,5002.0,208.0,295.0,4.15,5.9,,,,,366.0,183.27,,,,,,"5조  6,559  억원",코스피 64위,76638657,"1,000원  l  1주",76638657,14908590,19.45%,"4.00매수  l  85,053","78,900  l  49,950","56.60배  l  1,304원","56.00배  l  1,320원","2.67배  l  27,596원",,88.07배,-0.14%,000100,0.52%,,,,,,,
녹십자웰빙 *,6920.0,50.0,+0.73%,6880.0,6920.0,16512.0,114.0,11338.0,23-08-21,녹십자웰빙,234690,,,,,,,,,,,,,,,,,"4,620  억원",코스닥 156위,15223000,500원  l  1주,15223000,463957,3.05%,N/A  l  N/A,"97,800  l  27,150",N/A  l  -485원,N/A  l  N/A,"21.87배  l  1,388원",,88.07배,-0.21%,323990,,,,,,,,
대성미생물 *,9970.0,70.0,+0.71%,9930.0,9980.0,10891.0,108.0,16097.0,23-08-21,대성미생물,036480,,,,,,,,,,,,,,,,,449  억원,코스닥 1370위,11659319,500원  l  1주,11659319,69173,0.59%,N/A  l  N/A,"6,170  l  3,670",8.23배  l  468원,N/A  l  N/A,"1.15배  l  3,337원",,88.07배,-0.14%,018680,,,,,,,,
우진비앤지 *,1308.0,9.0,+0.69%,1296.0,1308.0,49896.0,65.0,51179.0,23-08-21,우진비앤지,018620,8070.0,2279.0,1835.0,28.24,22.74,,,,,2614.0,286.18,,,,,,"55조  3,734  억원",코스피 4위,71174000,"2,500원  l  1주",71174000,7566908,10.63%,"4.00매수  l  1,071,000","920,000  l  703,000","69.63배  l  11,173원","70.00배  l  11,163원","6.07배  l  128,227원",,88.07배,-0.14%,207940,,,,,,,,
한국파마 *,16090.0,110.0,+0.69%,16090.0,16180.0,11223.0,181.0,22816.0,23-08-21,한국파마,032300,180.0,79.0,66.0,43.77,36.84,,,,,,,,,,,,"4,675  억원",코스닥 155위,57930864,500원  l  1주,57930864,608863,1.05%,N/A  l  N/A,"9,450  l  5,856",21.02배  l  384원,N/A  l  N/A,"4.25배  l  1,901원",,88.07배,-0.14%,099430,0.87%,,,,,,,
유한양행,73800.0,500.0,+0.68%,73900.0,74000.0,326756.0,24379.0,333358.0,23-08-21,유한양행,000100,,,,,,,,,,,,,,,,,"3,143  억원",코스닥 259위,12621492,500원  l  1주,12621492,1013116,8.03%,N/A  l  N/A,"27,250  l  16,100","N/A  l  -4,685원",N/A  l  N/A,"0.65배  l  38,111원",,88.07배,-0.14%,084110,2.01%,,,,,,,
박셀바이오 *,30400.0,200.0,+0.66%,30450.0,30500.0,84759.0,2600.0,88048.0,23-08-21,박셀바이오,323990,,,,,,,,,,,,,,,,,"4,412  억원",코스피 370위,26803285,"1,000원  l  1주",26803285,1317415,4.92%,N/A  l  N/A,"47,200  l  14,380","N/A  l  -1,144원",N/A  l  N/A,"2.45배  l  6,729원",,88.07배,-0.08%,249420,,,,,,,,
서울제약 *,3850.0,25.0,+0.65%,3845.0,3850.0,8173.0,32.0,7543.0,23-08-21,서울제약,018680,3493.0,365.0,243.0,10.44,6.96,,,,,1605.0,177.53,,,,,,"3조  8,189  억원",코스피 83위,12562158,"2,500원  l  1주",12562158,2052934,16.34%,"4.00매수  l  386,765","340,000  l  219,495","35.88배  l  8,472원","33.00배  l  9,347원","4.11배  l  73,927원",,88.07배,-0.14%,128940,0.16%,,,,,,,
삼성바이오로직스,776000.0,5000.0,+0.65%,776000.0,777000.0,27582.0,21491.0,36777.0,23-08-21,삼성바이오로직스,207940,1849.0,165.0,134.0,8.94,7.22,,,,,325.0,42.52,,,,,,"6,349  억원",코스닥 104위,44460000,500원  l  1주,44460000,7825227,17.60%,"4.00매수  l  21,000","19,500  l  13,000","12.13배  l  1,177원","12.00배  l  1,222원","1.25배  l  11,463원",,88.07배,-0.21%,086450,1.26%,,,,,,,
바이오플러스 *,8060.0,50.0,+0.62%,8070.0,8080.0,1337734.0,10735.0,1692436.0,23-08-21,바이오플러스,099430,,,,,,,,,,,,,,,,,772  억원,코스닥 1024위,11898263,500원  l  1주,11898263,219355,1.84%,N/A  l  N/A,"9,800  l  6,000",N/A  l  -468원,N/A  l  N/A,"0.65배  l  9,992원",,88.07배,-0.21%,041910,1.54%,,,,,,,
휴온스글로벌 *,24900.0,150.0,+0.61%,24800.0,24850.0,39677.0,982.0,41539.0,23-08-21,휴온스글로벌,084110,,,,,,,,,,,,,,,,,"3,100  억원",코스피 478위,13900000,"1,000원  l  1주",13900000,467877,3.37%,"4.00매수  l  34,000","28,500  l  19,990",,N/A  l  N/A,,,88.07배,-0.08%,005500,3.59%,"14.16배  l  1,575원","1.08배  l  20,686원",,,,,
일동제약,16480.0,90.0,+0.55%,16530.0,16540.0,103934.0,1736.0,88514.0,23-08-21,일동제약,249420,,,,,,,,,,,,,,,,,786  억원,코스피 936위,33953454,500원  l  1주,33953454,452639,1.33%,N/A  l  N/A,"3,450  l  2,075",10.52배  l  220원,N/A  l  N/A,"0.87배  l  2,665원",,88.07배,-0.14%,017180,,,,,,,,
한미약품,304500.0,1500.0,+0.50%,305000.0,305500.0,36540.0,11258.0,59647.0,23-08-21,한미약품,128940,956.0,105.0,93.0,10.98,9.73,,,,,,,,,,,,"2,665  억원",코스피 520위,27931470,"1,000원  l  1주",27931470,1263244,4.52%,"4.00매수  l  14,000","11,120  l  8,060",9.63배  l  991원,N/A  l  N/A,"0.71배  l  13,449원",,88.07배,-0.14%,000020,1.89%,,,,,,,
동국제약 *,14320.0,70.0,+0.49%,14290.0,14300.0,128270.0,1841.0,115473.0,23-08-21,동국제약,086450,,,,,,,,,,,,,,,,,450  억원,코스피 1135위,92849436,500원  l  1주,92849436,957745,1.03%,N/A  l  N/A,900  l  430,N/A  l  -460원,N/A  l  N/A,"0.48배  l  1,019원",,88.07배,-0.08%,118000,,,,,,,,
에스텍파마 *,6500.0,30.0,+0.46%,6480.0,6500.0,21224.0,138.0,28021.0,23-08-21,에스텍파마,041910,2092.0,125.0,82.0,6.0,3.92,,,,,289.0,114.36,,,,,,1조  340  억원,코스닥 62위,28329891,500원  l  1주,28329891,1032288,3.64%,"4.00매수  l  47,444","42,850  l  27,900","31.25배  l  1,168원","22.00배  l  1,664원","0.89배  l  41,017원",,88.07배,-0.14%,195940,0.88%,,,,,,,
삼진제약,22300.0,100.0,+0.45%,22350.0,22400.0,26022.0,580.0,25464.0,23-08-21,삼진제약,005500,,,,,,,,,,,,,,,,,"3,479  억원",코스닥 223위,138892244,500원  l  1주,138892244,8047256,5.79%,N/A  l  N/A,"2,820  l  1,900",167.00배  l  15원,N/A  l  N/A,"1.86배  l  1,348원",,88.07배,-0.21%,058820,,,,,,,,
파마리서치바이오,22900.0,100.0,+0.44%,22350.0,22900.0,2103.0,48106.0,509.0,23-08-21,파마리서치바이오,217950,,,,,,,,,,,,,,,,,"1,506  억원",코스닥 586위,28464992,500원  l  1주,28464992,343020,1.21%,N/A  l  N/A,"7,190  l  4,965",24.05배  l  220원,N/A  l  N/A,"1.44배  l  3,662원",,88.07배,-0.14%,006620,2.08%,,,,,,,
명문제약,2320.0,10.0,+0.43%,2320.0,2325.0,48121.0,112.0,46299.0,23-08-21,명문제약,017180,,,,,,,,,,,,,,,,,"9,309  억원",코스피 234위,52984990,500원  l  1주,52984990,2018683,3.81%,N/A  l  N/A,"32,000  l  13,500",N/A  l  -672원,N/A  l  N/A,"2.78배  l  6,310원",,88.07배,-0.14%,019170,,,,,,,,
동화약품,9540.0,40.0,+0.42%,9520.0,9530.0,53956.0,515.0,94558.0,23-08-21,동화약품,000020,,,,,,,,,,,,,,,,,561  억원,코스닥 1254위,88970559,500원  l  1주,88970559,3992529,4.49%,N/A  l  N/A,"1,185  l  502",N/A  l  -152원,N/A  l  N/A,1.59배  l  395원,,88.07배,-0.14%,065170,,,,,,,,
더메디팜,488.0,2.0,+0.41%,487.0,488.0,213282.0,103.0,239271.0,23-08-21,더메디팜,118000,,,,,,,,,,,,,,,,,"1,102  억원",코스피 832위,15092967,500원  l  1주,15092967,662817,4.39%,N/A  l  N/A,"9,283  l  6,390",,N/A  l  N/A,,,88.07배,-0.14%,000520,,,,82.02배  l  89원,"0.78배  l  9,331원",,,
HK이노엔 *,36400.0,150.0,+0.41%,36350.0,36450.0,114770.0,4187.0,121915.0,23-08-21,HK이노엔,195940,,,,,,,,,,,,,,,,,455  억원,코스닥 1363위,62354061,100원  l  1주,62354061,512689,0.82%,N/A  l  N/A,"1,164  l  655",,N/A  l  N/A,,,88.07배,-0.14%,204840,,,,N/A  l  -28원,3.17배  l  230원,,,
CMG제약 *,2500.0,10.0,+0.40%,2500.0,2505.0,584261.0,1470.0,1242560.0,23-08-21,CMG제약,058820,,,,,,,,,,,,,,,,,"2,561  억원",코스피 531위,17772946,500원  l  1주,17772946,0,0.00%,N/A  l  N/A,"19,950  l  13,290","10.89배  l  1,323원",N/A  l  N/A,"0.95배  l  15,127원",,88.07배,-0.14%,293480,3.54%,,,,,,,
동구바이오제약 *,5300.0,20.0,+0.38%,5280.0,5290.0,28825.0,153.0,41326.0,23-08-21,동구바이오제약,006620,,,,,,,,,,,,,,,,,"2,913  억원",코스피 497위,13300000,"1,000원  l  1주",13300000,138082,1.04%,N/A  l  N/A,"38,048  l  15,660",,N/A  l  N/A,,,88.07배,-0.14%,003120,18.26%,,,"15.26배  l  1,435원","0.36배  l  60,943원",,,
신풍제약,17570.0,60.0,+0.34%,17550.0,17640.0,414489.0,7343.0,502074.0,23-08-21,신풍제약,019170,,,,,,,,,,,,,,,,,"5,911  억원",코스피 303위,6348913,"5,000원  l  1주",6348913,812463,12.80%,N/A  l  N/A,"109,000  l  76,800","23.37배  l  3,983원",N/A  l  N/A,"0.59배  l  157,578원",,88.07배,-0.08%,000640,1.61%,,,,,,,
비엘팜텍 *,631.0,2.0,+0.32%,630.0,632.0,169781.0,107.0,326106.0,23-08-21,비엘팜텍,065170,,,,,,,,,,,,,,,,,"4,426  억원",코스피 368위,182892731,500원  l  1주,182892731,9605901,5.25%,N/A  l  N/A,"4,060  l  2,200",,N/A  l  N/A,,,88.07배,-0.21%,003520,,,,N/A  l  -114원,5.02배  l  482원,,,
삼일제약,7280.0,20.0,+0.28%,7260.0,7270.0,25888.0,188.0,31393.0,23-08-21,삼일제약,000520,,,,,,,,,,,,,,,,,"3,080  억원",코스닥 265위,21080695,500원  l  1주,21080695,1089453,5.17%,N/A  l  N/A,"32,550  l  13,330",,N/A  l  N/A,,,88.07배,-0.08%,235980,,,,"N/A  l  -2,109원",27.72배  l  527원,,,
지엘팜텍 *,729.0,2.0,+0.28%,723.0,726.0,109085.0,79.0,244986.0,23-08-21,지엘팜텍,204840,,,,,,,,,,,,,,,,,"3,715  억원",코스피 407위,665754689,500원  l  1주,665754689,14177052,2.13%,N/A  l  N/A,732  l  309,39.86배  l  14원,N/A  l  N/A,0.76배  l  730원,,88.07배,-0.21%,003060,,,,,,,,
하나제약,14390.0,40.0,+0.28%,14340.0,14350.0,76251.0,1099.0,20010.0,23-08-21,하나제약,293480,1299.0,110.0,79.0,8.49,6.11,,,,,,,,,,,,"3,712  억원",코스피 410위,21964670,500원  l  1주,21964670,2960264,13.48%,"4.00매수  l  21,000","21,800  l  13,530",,"11.00배  l  1,607원",,,88.07배,-0.21%,003220,2.07%,,,"11.66배  l  1,449원","1.36배  l  12,444원",,,
일성신약,21900.0,50.0,+0.23%,21850.0,21900.0,6259.0,137.0,6783.0,23-08-21,일성신약,003120,,,,,,,,,,,,,,,,,"1,067  억원",코스닥 793위,19083660,500원  l  1주,19083660,109830,0.58%,N/A  l  N/A,"10,450  l  5,500",N/A  l  -940원,N/A  l  N/A,"1.25배  l  4,486원",,88.07배,-0.08%,308080,,,,,,,,
동아쏘시오홀딩스,93200.0,200.0,+0.22%,94200.0,94300.0,7859.0,736.0,5520.0,23-08-21,동아쏘시오홀딩스,000640,,,,,,,,,,,,,,,,,"1,523  억원",코스닥 577위,241058577,500원  l  1주,241058577,2273180,0.94%,N/A  l  N/A,"1,877  l  415",N/A  l  -136원,N/A  l  N/A,1.40배  l  452원,,88.07배,-0.14%,082800,,,,,,,,
영진약품,2415.0,5.0,+0.21%,2420.0,2425.0,183624.0,446.0,238360.0,23-08-21,영진약품,003520,1868.0,177.0,116.0,9.49,6.21,,,,,,,,,,,,135  억원,코스피 1539위,205916,"2,500원  l  1주",205916,253,0.12%,"4.00매수  l  40,667","73,730  l  53,300","42.07배  l  1,557원","27.00배  l  2,470원","6.37배  l  10,285원",,88.07배,-0.14%,001067,0.57%,,,,,,,
메드팩토 *,14610.0,30.0,+0.21%,14630.0,14640.0,150408.0,2229.0,99621.0,23-08-21,메드팩토,235980,,,,,,,,,,,,,,,,,"4,818  억원",코스피 349위,71063049,500원  l  1주,71063049,4140359,5.83%,N/A  l  N/A,"9,880  l  6,120",,N/A  l  N/A,,,88.07배,-0.21%,003000,,,,N/A  l  -61원,"1.79배  l  3,795원",,,
에이프로젠바이오로직스,561.0,1.0,+0.18%,564.0,565.0,8634440.0,4750.0,21469241.0,23-08-21,에이프로젠바이오로직스,003060,739.0,-80.0,-32.0,-10.78,-4.33,,,,,,,,,,,,"5조  8,509  억원",코스피 59위,76784046,500원  l  1주,76784046,4232641,5.51%,"3.17중립  l  77,000","118,000  l  65,200",,-144.00배  l  -530원,,,88.07배,-0.14%,302440,,,,313.58배  l  243원,"3.42배  l  22,288원",,,
대원제약,16950.0,30.0,+0.18%,16930.0,16940.0,206635.0,3483.0,260024.0,23-08-21,대원제약,003220,,,,,,,,,,,,,,,,,96  억원,코스피 1721위,2266930,"1,000원  l  1주",2266930,16840,0.74%,N/A  l  N/A,"9,320  l  4,010",,N/A  l  N/A,,,88.07배,-0.08%,000225,2.60%,,,N/A  l  -386원,"0.69배  l  6,118원",,,
바이젠셀 *,5600.0,10.0,+0.18%,5590.0,5600.0,47985.0,270.0,42807.0,23-08-21,바이젠셀,308080,,,,,,,,,,,,,,,,,"1,265  억원",코스닥 674위,14354920,500원  l  1주,14354920,3263,0.02%,N/A  l  N/A,"11,150  l  7,800",,N/A  l  N/A,,,88.07배,-0.08%,054670,1.13%,,,"6.23배  l  1,413원","1.11배  l  7,909원",,,
비보존 제약 *,633.0,1.0,+0.16%,629.0,631.0,362001.0,229.0,656851.0,23-08-21,비보존 제약,082800,1322.0,133.0,,10.06,,,,,,,,,,,,,"5,204  억원",코스닥 129위,11935549,500원  l  1주,11935549,2679464,22.45%,"4.00매수  l  60,000","46,850  l  27,600","18.83배  l  2,315원",N/A  l  N/A,"1.78배  l  24,533원",,88.07배,-0.14%,243070,1.38%,,,,,,,
JW중외제약2우B,65500.0,100.0,+0.15%,64000.0,65500.0,5.0,0.0,198.0,23-08-21,JW중외제약2우B,001067,,,,,,,,,,,,,,,,,66  억원,코스피 1897위,445080,"2,500원  l  1주",445080,1183,0.27%,N/A  l  N/A,"25,100  l  14,480",,N/A  l  N/A,,,88.07배,-0.14%,007575,1.18%,,,32.55배  l  455원,"1.19배  l  12,478원",,,
부광약품,6790.0,10.0,+0.15%,6790.0,6800.0,33080.0,225.0,74901.0,23-08-21,부광약품,003000,,,,,,,,,,,,,,,,,549  억원,코스닥 1264위,30979827,500원  l  1주,30979827,267043,0.86%,N/A  l  N/A,"2,920  l  1,671",29.03배  l  61원,N/A  l  N/A,"1.03배  l  1,713원",,88.07배,-0.14%,034940,,,,,,,,
SK바이오사이언스,75900.0,100.0,+0.13%,76100.0,76200.0,193352.0,14974.0,219889.0,23-08-21,SK바이오사이언스,302440,,,,,,,,,,,,,,,,,"1,897  억원",코스피 627위,67162079,500원  l  1주,67162079,3514714,5.23%,N/A  l  N/A,"4,195  l  2,460",N/A  l  -393원,N/A  l  N/A,"1.90배  l  1,487원",,88.07배,-0.08%,001360,,,,,,,,
유유제약1우,4220.0,5.0,+0.12%,4250.0,4275.0,12281.0,51.0,29858.0,23-08-21,유유제약1우,000225,,,,,,,,,,,,,,,,,"3,120  억원",코스피 471위,19085664,"2,500원  l  1주",19085664,1389484,7.28%,N/A  l  N/A,"22,800  l  15,100",,N/A  l  N/A,,,88.07배,-0.08%,007570,0.92%,,,35.93배  l  455원,"1.31배  l  12,478원",,,
대한뉴팜 *,8820.0,10.0,+0.11%,8820.0,8830.0,24907.0,219.0,27350.0,23-08-21,대한뉴팜,054670,,,,,,,,,,,,,,,,,786  억원,코스닥 1014위,11986415,500원  l  1주,11986415,244420,2.04%,N/A  l  N/A,"9,980  l  6,490",,N/A  l  N/A,,,88.07배,-0.08%,012790,1.47%,,,6.77배  l  969원,"0.59배  l  11,037원",,,
휴온스 *,43600.0,50.0,+0.11%,43600.0,43650.0,76127.0,3294.0,90522.0,23-08-21,휴온스,243070,,,,,,,,,,,,,,,,,606  억원,코스닥 1193위,29129064,500원  l  1주,29129064,672086,2.31%,N/A  l  N/A,"2,605  l  1,131",N/A  l  -48원,N/A  l  N/A,"1.71배  l  1,215원",,88.07배,-0.21%,052670,,,,,,,,
일양약품우,14810.0,10.0,+0.07%,14660.0,14810.0,228.0,3.0,436.0,23-08-21,일양약품우,007575,,,,,,,,,,,,,,,,,936  억원,코스닥 890위,7088782,500원  l  1주,7088782,3066614,43.26%,N/A  l  N/A,"15,000  l  8,610",,N/A  l  N/A,,,88.07배,-0.14%,106190,0.53%,,,"11.80배  l  1,119원","0.92배  l  14,342원",,,
조아제약 *,1770.0,1.0,+0.06%,1768.0,1769.0,25361.0,45.0,77974.0,23-08-21,조아제약,034940,,,,,,,,,,,,,,,,,"1,404  억원",코스닥 622위,85065562,500원  l  1주,85065562,7051438,8.29%,N/A  l  N/A,"4,110  l  1,441",N/A  l  -249원,N/A  l  N/A,"0.70배  l  2,342원",,88.07배,-0.14%,183490,,,,,,,,
삼성제약,2830.0,0.0,0.00%,2830.0,2835.0,218441.0,617.0,271612.0,23-08-21,삼성제약,001360,,,,,,,,,,,,,,,,,464  억원,코스닥 1350위,21836250,100원  l  1주,21836250,723253,3.31%,N/A  l  N/A,"3,325  l  1,900",N/A  l  -21원,N/A  l  N/A,"1.63배  l  1,306원",,88.07배,-0.08%,187660,,,,,,,,
일양약품,16350.0,0.0,0.00%,16370.0,16380.0,15856.0,260.0,43328.0,23-08-21,일양약품,007570,,,,,,,,,,,,,,,,,"1,077  억원",코스닥 788위,14155000,100원  l  1주,14155000,67766,0.48%,N/A  l  N/A,"10,150  l  6,010",N/A  l  -201원,N/A  l  N/A,"1.26배  l  6,041원",,88.07배,-0.21%,377220,,,,,,,,
신일제약 *,6560.0,0.0,0.00%,6560.0,6570.0,44278.0,293.0,43774.0,23-08-21,신일제약,012790,1527.0,118.0,94.0,7.71,6.16,,,,,301.0,62.34,,,,,,"5,362  억원",코스닥 125위,29543558,500원  l  1주,29543558,781547,2.65%,"4.00매수  l  24,667","31,000  l  15,990","15.67배  l  1,158원","15.00배  l  1,189원","1.36배  l  13,380원",,88.07배,-0.08%,200130,1.70%,,,,,,,
제일바이오 *,2080.0,0.0,0.00%,0.0,0.0,0.0,0.0,0.0,23-08-21,제일바이오,052670,,,,,,,,,,,,,,,,,"2,881  억원",코스닥 286위,61107969,500원  l  1주,61107969,23675172,38.74%,N/A  l  N/A,"6,480  l  2,790",N/A  l  -863원,N/A  l  N/A,"2.66배  l  1,775원",,88.07배,-0.21%,334970,,,,,,,,
하이텍팜 *,13230.0,0.0,0.00%,13200.0,13240.0,5255.0,69.0,11991.0,23-08-21,하이텍팜,106190,,,,,,,,,,,,,,,,,"2,065  억원",코스닥 421위,30768766,500원  l  1주,30768766,412553,1.34%,N/A  l  N/A,"8,730  l  6,430",24.49배  l  274원,N/A  l  N/A,"0.73배  l  9,136원",,88.07배,-0.08%,011040,5.96%,,,,,,,
엔지켐생명과학 *,1650.0,0.0,0.00%,1654.0,1656.0,279922.0,468.0,242800.0,23-08-21,엔지켐생명과학,183490,515.0,98.0,,19.03,,,,,,,,,,,,,"1,662  억원",코스닥 527위,6000000,500원  l  1주,6000000,954447,15.91%,"4.00매수  l  40,000","32,300  l  24,250",,N/A  l  N/A,,,88.07배,-0.08%,023910,2.35%,,,"6.27배  l  4,420원","0.69배  l  40,179원",,,
에이디엠코리아 *,2125.0,0.0,0.00%,2115.0,2120.0,73211.0,155.0,125883.0,23-08-21,에이디엠코리아,187660,,,,,,,,,,,,,,,,,"1,073  억원",코스닥 789위,9960000,500원  l  1주,9960000,239519,2.40%,N/A  l  N/A,"17,090  l  9,830",29.43배  l  366원,N/A  l  N/A,"1.08배  l  9,948원",,88.07배,-0.08%,072020,0.93%,,,,,,,
노브메타파마,20500.0,0.0,0.00%,0.0,0.0,0.0,0.0,0.0,23-08-21,노브메타파마,229500,,,,,,,,,,,,,,,,,799  억원,코스피 930위,17032351,"1,000원  l  1주",17032351,254616,1.49%,N/A  l  N/A,"7,000  l  4,380",,N/A  l  N/A,,,88.07배,-0.08%,000220,2.24%,,,N/A  l  -386원,"0.77배  l  6,118원",,,
프롬바이오 *,7600.0,0.0,0.00%,7590.0,7610.0,80358.0,607.0,203920.0,23-08-21,프롬바이오,377220,,,,,,,,,,,,,,,,,"1,012  억원",코스닥 831위,13042420,500원  l  1주,13042420,522180,4.00%,N/A  l  N/A,"10,250  l  7,140",12.20배  l  636원,N/A  l  N/A,"0.57배  l  13,602원",,88.07배,-0.21%,001540,2.84%,,,,,,,
카이바이오텍,23000.0,0.0,0.00%,21000.0,0.0,0.0,0.0,0.0,23-08-21,카이바이오텍,446600,,,,,,,,,,,,,,,,,"1,501  억원",코스피 713위,26100970,"1,000원  l  1주",26100970,1243678,4.76%,N/A  l  N/A,"8,240  l  5,390",,N/A  l  N/A,,,88.07배,-0.14%,002210,,,,205.36배  l  28원,"3.15배  l  1,828원",,,
콜마비앤에이치 *,18140.0,10.0,-0.06%,18110.0,18170.0,75723.0,1381.0,87391.0,23-08-21,콜마비앤에이치,200130,,,,,,,,,,,,,,,,,"3,092  억원",코스피 476위,72508159,500원  l  1주,72508159,1603401,2.21%,N/A  l  N/A,"4,485  l  2,592",9.33배  l  457원,N/A  l  N/A,"2.53배  l  1,687원",,88.07배,-0.21%,096760,2.28%,,,,,,,
프레스티지바이오로직스 *,4720.0,5.0,-0.11%,4685.0,4700.0,118579.0,555.0,181020.0,23-08-21,프레스티지바이오로직스,334970,,,,,,,,,,,,,,,,,"3,281  억원",코스닥 239위,11412356,500원  l  1주,11412356,150091,1.32%,N/A  l  N/A,"50,600  l  24,500",991.38배  l  29원,N/A  l  N/A,"1.98배  l  14,551원",,88.07배,-0.08%,102940,,,,,,,,
경동제약 *,6710.0,10.0,-0.15%,6690.0,6710.0,16371.0,110.0,32437.0,23-08-21,경동제약,011040,,,,,,,,,,,,,,,,,"2,507  억원",코스피 541위,14704872,500원  l  1주,14704872,407621,2.77%,N/A  l  N/A,"24,600  l  15,900",,N/A  l  N/A,,,88.07배,-0.14%,271980,0.29%,,,63.62배  l  268원,"1.47배  l  11,566원",,,
대한약품 *,27650.0,50.0,-0.18%,27600.0,27700.0,13711.0,379.0,25608.0,23-08-21,대한약품,023910,,,,,,,,,,,,,,,,,"1,773  억원",코스닥 492위,13855342,500원  l  1주,13855342,118338,0.85%,N/A  l  N/A,"18,200  l  8,710",N/A  l  -848원,N/A  l  N/A,"4.00배  l  3,201원",,88.07배,-0.14%,365270,,,,,,,,
중앙백신 *,10790.0,20.0,-0.19%,10790.0,10800.0,19517.0,211.0,27305.0,23-08-21,중앙백신,072020,,,,,,,,,,,,,,,,,637  억원,코스닥 1161위,12641883,500원  l  1주,12641883,570612,4.51%,N/A  l  N/A,"7,750  l  4,800",23.12배  l  218원,N/A  l  N/A,"1.41배  l  3,584원",,88.07배,-0.08%,044960,0.79%,,,,,,,
유유제약,4710.0,10.0,-0.21%,4700.0,4705.0,16616.0,78.0,24610.0,23-08-21,유유제약,000220,,,,,,,,,,,,,,,,,812  억원,코스닥 993위,16153162,500원  l  1주,16153162,411030,2.54%,N/A  l  N/A,"7,360  l  4,720",16.77배  l  300원,N/A  l  N/A,"0.61배  l  8,254원",,88.07배,-0.14%,131030,1.99%,,,,,,,
안지오랩,7980.0,20.0,-0.25%,7620.0,7990.0,202.0,1546.0,360.0,23-08-21,안지오랩,251280,454.0,58.0,36.0,12.65,7.92,,,,,157.0,64.6,,,,,,"2,871  억원",코스닥 286위,31761048,500원  l  1주,31761048,1726497,5.44%,"4.00매수  l  17,000","15,400  l  9,020",16.29배  l  555원,N/A  l  N/A,"1.41배  l  6,396원",,88.07배,-0.14%,053030,,,,,,,,
네오이뮨텍 *,2025.0,5.0,-0.25%,2015.0,2020.0,232128.0,472.0,293124.0,23-08-21,네오이뮨텍,950220,2093.0,155.0,106.0,7.41,5.07,,,,,,,,,,,,"6,093  억원",코스피 297위,68690000,500원  l  1주,68690000,4122830,6.00%,"4.00매수  l  13,000","12,950  l  7,440",14.49배  l  612원,N/A  l  N/A,"1.12배  l  7,915원",,88.07배,-0.08%,003850,1.13%,,,,,,,
안국약품 *,7760.0,20.0,-0.26%,7680.0,7730.0,36626.0,283.0,12674.0,23-08-21,안국약품,001540,,,,,,,,,,,,,,,,,"1,115  억원",코스닥 771위,6370000,"1,000원  l  1주",6370000,151772,2.38%,N/A  l  N/A,"19,770  l  13,500","7.18배  l  2,438원",N/A  l  N/A,"0.57배  l  30,453원",,88.07배,-0.21%,009300,2.28%,,,,,,,
동성제약,5750.0,20.0,-0.35%,5750.0,5770.0,15316.0,87.0,24574.0,23-08-21,동성제약,002210,,,,,,,,,,,,,,,,,"2,270  억원",코스닥 381위,22298866,500원  l  1주,22298866,315998,1.42%,N/A  l  N/A,"17,900  l  8,050",N/A  l  -558원,N/A  l  N/A,"4.73배  l  2,153원",,88.07배,-0.14%,293780,,,,,,,,
JW홀딩스,4265.0,15.0,-0.35%,4260.0,4265.0,176300.0,752.0,233374.0,23-08-21,JW홀딩스,096760,,,,,,,,,,,,,,,,,"1,785  억원",코스닥 493위,24482505,500원  l  1주,24482505,146630,0.60%,N/A  l  N/A,"17,050  l  6,290","N/A  l  -1,324원",N/A  l  N/A,"3.42배  l  2,131원",,88.07배,-0.14%,321550,,,,,,,,
코오롱생명과학 *,28700.0,100.0,-0.35%,28700.0,28800.0,15703.0,447.0,9099.0,23-08-21,코오롱생명과학,102940,,,,,,,,,,,,,,,,,573  억원,코스닥 1238위,30027963,100원  l  1주,30027963,396451,1.32%,N/A  l  N/A,"2,595  l  1,505",12.64배  l  151원,N/A  l  N/A,"1.47배  l  1,296원",,88.07배,-0.14%,299170,,,,,,,,
제일약품,17050.0,60.0,-0.35%,17090.0,17120.0,6187.0,105.0,8994.0,23-08-21,제일약품,271980,,,,,,,,,,,,,,,,,956  억원,코스닥 870위,37558368,500원  l  1주,37558368,1693941,4.51%,N/A  l  N/A,"9,132  l  2,305","N/A  l  -1,434원",N/A  l  N/A,"1.15배  l  2,207원",,88.07배,-0.08%,175250,,,,,,,,
큐라클 *,12750.0,50.0,-0.39%,12810.0,12830.0,87321.0,1126.0,124332.0,23-08-21,큐라클,365270,,,,,,,,,,,,,,,,,578  억원,코스닥 1225위,8892384,200원  l  1주,8892384,38031,0.43%,N/A  l  N/A,"10,750  l  5,100",N/A  l  -6원,N/A  l  N/A,"0.69배  l  9,390원",,88.07배,-0.08%,200780,1.54%,,,,,,,
이글벳 *,5030.0,20.0,-0.40%,5030.0,5040.0,23978.0,121.0,34620.0,23-08-21,이글벳,044960,536.0,90.0,64.0,16.79,11.94,,,,,392.0,37.13,,,,,,"2,263  억원",코스피 570위,15834554,"2,500원  l  1주",15834554,644375,4.07%,"4.00매수  l  21,000","15,160  l  11,050","12.58배  l  1,136원",N/A  l  N/A,"1.58배  l  9,057원",,88.07배,-0.08%,234080,3.50%,,,,,,,
옵투스제약 *,5030.0,20.0,-0.40%,4995.0,5040.0,30931.0,155.0,26355.0,23-08-21,옵투스제약,131030,4175.0,,,,,,,,,,,,,,,,1조  759  억원,코스피 212위,12568464,"2,500원  l  1주",12568464,1077249,8.57%,"4.00매수  l  104,500","89,700  l  69,700",,"10.00배  l  8,183원",,,88.07배,-0.14%,185750,1.11%,,,"9.04배  l  9,472원","1.52배  l  56,497원",,,
바이넥스 *,9070.0,40.0,-0.44%,9080.0,9090.0,132806.0,1212.0,221836.0,23-08-21,바이넥스,053030,,,,,,,,,,,,,,,,,711  억원,코스닥 1098위,7929338,500원  l  1주,7929338,26939,0.34%,N/A  l  N/A,"19,050  l  8,500",16.22배  l  553원,N/A  l  N/A,"1.11배  l  8,050원",,88.07배,-0.14%,318010,1.12%,,,,,,,
보령,8860.0,40.0,-0.45%,8850.0,8880.0,128323.0,1145.0,160106.0,23-08-21,보령,003850,,,,,,,,,,,,,,,,,"1,797  억원",코스피 653위,15973355,500원  l  1주,15973355,1563770,9.79%,N/A  l  N/A,"18,650  l  9,100",,N/A  l  N/A,,,88.07배,-0.14%,002620,0.44%,,,"N/A  l  -3,875원","0.50배  l  22,658원",,,
삼아제약 *,17440.0,80.0,-0.46%,17410.0,17480.0,16365.0,285.0,19123.0,23-08-21,삼아제약,009300,,,,,,,,,,,,,,,,,"1,059  억원",코스닥 807위,14669958,500원  l  1주,14669958,71035,0.48%,N/A  l  N/A,"9,800  l  6,130",N/A  l  -139원,N/A  l  N/A,"3.77배  l  1,915원",,88.07배,-0.21%,153710,,,,,,,,
압타바이오 *,10140.0,50.0,-0.49%,10140.0,10150.0,204480.0,2086.0,369438.0,23-08-21,압타바이오,293780,,,,,,,,,,,,,,,,,"1,309  억원",코스닥 652위,87826844,100원  l  1주,87826844,1060588,1.21%,N/A  l  N/A,"2,440  l  1,315",,N/A  l  N/A,,,88.07배,-0.08%,074430,,,,N/A  l  -115원,2.48배  l  601원,,,
티움바이오 *,7250.0,40.0,-0.55%,7240.0,7260.0,40314.0,293.0,32722.0,23-08-21,티움바이오,321550,1868.0,177.0,116.0,9.49,6.21,,,,,,,,,,,,1조  242  억원,코스피 220위,22835036,"2,500원  l  1주",22835036,1818087,7.96%,"4.00매수  l  40,667","52,500  l  16,267","28.81배  l  1,557원","18.00배  l  2,470원","4.36배  l  10,285원",,88.07배,-0.08%,001060,0.81%,,,,,,,
HLB사이언스,1964.0,11.0,-0.56%,1887.0,1961.0,2297.0,4400.0,2506.0,23-08-21,HLB사이언스,343090,1868.0,177.0,116.0,9.49,6.21,,,,,,,,,,,,117  억원,코스피 1600위,335325,"2,500원  l  1주",335325,67,0.02%,"4.00매수  l  40,667","35,900  l  28,070","22.48배  l  1,557원","14.00배  l  2,470원","3.40배  l  10,285원",,88.07배,-0.08%,001065,1.13%,,,,,,,
더블유에스아이 *,1908.0,11.0,-0.57%,1902.0,1903.0,35827.0,68.0,64439.0,23-08-21,더블유에스아이,299170,,,,,,,,,,,,,,,,,"1,807  억원",코스피 644위,13763533,500원  l  1주,13763533,226829,1.65%,N/A  l  N/A,"18,400  l  12,490",,N/A  l  N/A,,,88.07배,-0.14%,002390,3.05%,,,123.87배  l  106원,"0.50배  l  26,365원",,,
아이큐어 *,2535.0,15.0,-0.59%,2535.0,2550.0,88063.0,224.0,145548.0,23-08-21,아이큐어,175250,,,,,,,,,,,,,,,,,528  억원,코스닥 1280위,35437396,500원  l  1주,35437396,963050,2.72%,N/A  l  N/A,"3,505  l  1,349",N/A  l  -121원,N/A  l  N/A,"0.51배  l  2,939원",,88.07배,-0.14%,053950,,,,,,,,
비씨월드제약 *,6500.0,50.0,-0.76%,6530.0,6550.0,8218.0,54.0,22359.0,23-08-21,비씨월드제약,200780,,,,,,,,,,,,,,,,,"1,491  억원",코스닥 593위,32474435,500원  l  1주,32474435,761911,2.35%,N/A  l  N/A,"6,080  l  3,700",25.08배  l  183원,N/A  l  N/A,"1.07배  l  4,308원",,88.07배,-0.08%,066700,,,,,,,,
JW생명과학,14280.0,110.0,-0.76%,14270.0,14290.0,37112.0,533.0,37496.0,23-08-21,JW생명과학,234080,326.0,16.0,14.0,4.78,4.39,,,,,6.0,4057.36,,,,,,"1조  2,041  억원",코스피 198위,52240638,500원  l  1주,52240638,3299255,6.32%,"4.00매수  l  31,125","25,450  l  12,450",,366.00배  l  63원,,,88.07배,-0.08%,009420,,,,185.89배  l  124원,"6.59배  l  3,497원",,,
종근당,85600.0,700.0,-0.81%,85700.0,85800.0,15020.0,1289.0,39931.0,23-08-21,종근당,185750,,,,,,,,,,,,,,,,,653  억원,코스닥 1147위,9200224,500원  l  1주,9200224,99605,1.08%,N/A  l  N/A,"12,600  l  5,480",N/A  l  -46원,N/A  l  N/A,"0.66배  l  10,690원",,88.07배,-0.14%,270870,3.52%,,,,,,,
팜스빌 *,8970.0,80.0,-0.88%,8910.0,8960.0,1690.0,15.0,13806.0,23-08-21,팜스빌,318010,,,,,,,,,,,,,,,,,450  억원,코스닥 1372위,38979220,100원  l  1주,38979220,1145098,2.94%,N/A  l  N/A,"1,565  l  947",82.50배  l  14원,N/A  l  N/A,1.26배  l  914원,,88.07배,-0.14%,353190,,,,,,,,
제일파마홀딩스,11180.0,100.0,-0.89%,11180.0,11190.0,8755.0,98.0,5483.0,23-08-21,제일파마홀딩스,002620,,,,,,,,,,,,,,,,,"6,215  억원",코스피 295위,253668855,500원  l  1주,253668855,38925213,15.34%,N/A  l  N/A,"4,450  l  1,013",N/A  l  -611원,N/A  l  N/A,3.24배  l  756원,,88.07배,-0.08%,007460,,,,,,,,
옵티팜 *,7120.0,70.0,-0.97%,7110.0,7120.0,18400.0,131.0,83935.0,23-08-21,옵티팜,153710,,,,,,,,,,,,,,,,,961  억원,코스피 876위,9603921,500원  l  1주,9603921,375101,3.91%,N/A  l  N/A,"10,890  l  7,150","N/A  l  -1,121원",N/A  l  N/A,"0.31배  l  32,139원",,88.07배,-0.14%,044820,,,,,,,,
아미노로직스 *,1488.0,16.0,-1.06%,1500.0,1501.0,140103.0,209.0,103877.0,23-08-21,아미노로직스,074430,,,,,,,,,,,,,,,,,"1,237  억원",코스피 791위,5485962,"2,500원  l  1주",5485962,83072,1.51%,N/A  l  N/A,"31,200  l  20,100",,N/A  l  N/A,,,88.07배,-0.08%,063160,,,,"N/A  l  -3,688원","0.90배  l  25,172원",,,
JW중외제약,44900.0,500.0,-1.10%,44800.0,44850.0,446302.0,20080.0,1687991.0,23-08-21,JW중외제약,001060,556.0,50.0,,8.99,,,,,,,,,,,,,"2,732  억원",코스피 511위,18600070,500원  l  1주,18600070,2003093,10.77%,"4.00매수  l  21,000","18,150  l  12,410",,N/A  l  N/A,,,88.07배,-0.14%,016580,2.04%,,,"10.55배  l  1,392원","0.65배  l  22,568원",,,
JW중외제약우,35000.0,400.0,-1.13%,34650.0,34950.0,210.0,7.0,1156.0,23-08-21,JW중외제약우,001065,,,,,,,,,,,,,,,,,"2,383  억원",코스닥 358위,10688325,"1,000원  l  1주",10688325,95549,0.89%,"4.00매수  l  44,000","30,000  l  10,400",,N/A  l  N/A,,,88.07배,-0.14%,397030,,N/A  l  -915원,"3.53배  l  6,311원",,,,,
한독,13140.0,150.0,-1.13%,13140.0,13150.0,9855.0,130.0,12876.0,23-08-21,한독,002390,,,,,,,,,,,,,,,,,"2조  8,400  억원",코스닥 10위,39609168,500원  l  1주,39609168,2495318,6.30%,N/A  l  N/A,"101,200  l  56,200",100.00배  l  717원,N/A  l  N/A,"7.87배  l  9,115원",,88.07배,-0.14%,068760,,,,,,,,
경남제약 *,1487.0,17.0,-1.13%,1485.0,1487.0,69281.0,103.0,79999.0,23-08-21,경남제약,053950,,,,,,,,,,,,,,,,,844  억원,코스닥 964위,8666361,500원  l  1주,8666361,192382,2.22%,N/A  l  N/A,"20,700  l  8,700",,N/A  l  N/A,,,88.07배,-0.08%,314140,,16.26배  l  599원,"0.86배  l  11,381원",,,,,
테라젠이텍스 *,4600.0,55.0,-1.18%,4560.0,4565.0,527342.0,2409.0,5166227.0,23-08-21,테라젠이텍스,066700,,,,,,,,,,,,,,,,,"4,443  억원",코스피 367위,16244822,500원  l  1주,16244822,1038109,6.39%,N/A  l  N/A,"30,600  l  20,000","9.20배  l  2,972원",N/A  l  N/A,"1.16배  l  23,567원",,88.07배,-0.14%,033270,1.46%,,,,,,,
한올바이오파마,23000.0,300.0,-1.29%,23050.0,23100.0,172640.0,3978.0,643084.0,23-08-21,한올바이오파마,009420,,,,,,,,,,,,,,,,,271  억원,코스닥 1554위,197716999,0.05 USD  l  1주,197716999,10855452,5.49%,N/A  l  N/A,314  l  118,15.22배  l  9원,N/A  l  N/A,"0.05배  l  2,518원",,88.07배,-0.08%,900120,,,,,,,,
뉴트리 *,7100.0,100.0,-1.39%,7010.0,7060.0,10748.0,76.0,5771.0,23-08-21,뉴트리,270870,5253.0,546.0,507.0,10.39,9.65,,,,,262.0,275.96,,,,,,"10조  9,534  억원",코스닥 3위,164464724,"1,000원  l  1주",164464724,27592937,16.78%,"4.00매수  l  88,077","81,400  l  53,600",69.45배  l  959원,"66.00배  l  1,013원","5.27배  l  12,645원",,88.07배,-0.14%,091990,0.19%,,,,,,,
엔솔바이오사이언스,11320.0,170.0,-1.48%,11260.0,11330.0,18894.0,211005.0,3545.0,23-08-21,엔솔바이오사이언스,140610,,,,,,,,,,,,,,,,,808  억원,코스닥 999위,5927320,500원  l  1주,5927320,122068,2.06%,N/A  l  N/A,"14,980  l  9,480",,N/A  l  N/A,,,88.07배,-0.08%,223250,,,,19.68배  l  693원,"1.55배  l  8,810원",,,
프레스티지바이오파마,11130.0,170.0,-1.50%,11220.0,11230.0,89812.0,1001.0,93173.0,23-08-21,프레스티지바이오파마,950210,,,,,,,,,,,,,,,,,311  억원,코스닥 1527위,9140444,500원  l  1주,9140444,288464,3.16%,N/A  l  N/A,"5,030  l  3,130",9.66배  l  352원,N/A  l  N/A,"1.93배  l  1,760원",,88.07배,-0.08%,179530,,,,,,,,
휴럼 *,1155.0,18.0,-1.53%,1144.0,1149.0,141652.0,163.0,98179.0,23-08-21,휴럼,353190,,,,,,,,,,,,,,,,,33  억원,코스피 2060위,325560,"1,000원  l  1주",325560,403,0.12%,N/A  l  N/A,"17,800  l  9,150",,N/A  l  N/A,,,88.07배,-0.08%,000227,1.09%,,,N/A  l  -386원,"1.64배  l  6,118원",,,
에이프로젠,2435.0,40.0,-1.62%,2415.0,2420.0,7902734.0,18684.0,19007883.0,23-08-21,에이프로젠,007460,,,,,,,,,,,,,,,,,"1조  3,402  억원",코스닥 40위,23066794,500원  l  1주,23066794,1182395,5.13%,N/A  l  N/A,"107,300  l  26,100",304.19배  l  191원,N/A  l  N/A,"6.85배  l  8,480원",,88.07배,-0.08%,000250,,,,,,,,
코스맥스비티아이,10010.0,170.0,-1.67%,9930.0,9940.0,11492.0,114.0,17359.0,23-08-21,코스맥스비티아이,044820,6291.0,2101.0,1580.0,33.4,25.11,,,,,1153.0,130.49,,,,,,"21조  2,577  억원",코스피 15위,146402770,"1,000원  l  1주",146402770,29589485,20.21%,"4.00매수  l  211,250","196,508  l  139,500",,"34.00배  l  4,279원",,,88.07배,-0.08%,068270,0.25%,,,"38.72배  l  3,750원","4.85배  l  29,918원",,,
종근당바이오,22550.0,400.0,-1.74%,22650.0,22700.0,3368.0,76.0,6088.0,23-08-21,종근당바이오,063160,,,,,,,,,,,,,,,,,"2,734  억원",코스닥 307위,22102155,500원  l  1주,22102155,640284,2.90%,N/A  l  N/A,"14,970  l  6,120",N/A  l  -591원,N/A  l  N/A,"3.95배  l  3,135원",,88.07배,-0.08%,220100,,,,,,,,
환인제약,14710.0,270.0,-1.80%,14690.0,14700.0,355234.0,5454.0,66708.0,23-08-21,환인제약,016580,,,,,,,,,,,,,,,,,946  억원,코스닥 889위,51881094,500원  l  1주,51881094,0,0.00%,N/A  l  N/A,"2,495  l  235",5.58배  l  327원,N/A  l  N/A,"0.30배  l  6,064원",,88.07배,-0.14%,109960,,,,,,,,
에이프릴바이오 *,22350.0,450.0,-1.97%,21950.0,22050.0,214491.0,4817.0,330266.0,23-08-21,에이프릴바이오,397030,,,,,,,,,,,,,,,,,"8,993  억원",코스닥 70위,12647869,500원  l  1주,12647869,235547,1.86%,"4.00매수  l  97,715","90,000  l  19,297","N/A  l  -1,746원",N/A  l  N/A,"33.71배  l  2,109원",,88.07배,-0.14%,310210,,,,,,,,
셀트리온제약 *,71800.0,1500.0,-2.05%,71500.0,71600.0,336977.0,24397.0,1233417.0,23-08-21,셀트리온제약,068760,,,,,,,,,,,,,,,,,"1,017  억원",코스닥 817위,20061690,500원  l  1주,20061690,203906,1.02%,N/A  l  N/A,"13,000  l  4,150","N/A  l  -1,742원",N/A  l  N/A,"2.93배  l  1,728원",,88.07배,-0.08%,288330,,,,,,,,
